student_id,study_hours,attendance,assignment_score,previous_marks,mock_test_score,sleep_hours,class_participation,exam_marks
STU1000,5.2,78.1,75.5,80.5,73.2,6.1,9.6,68.3
STU1001,3.6,82.9,70.4,68.0,70.7,6.4,10.0,72.4
STU1002,5.3,80.7,100.0,61.1,73.2,6.8,10.0,75.2
STU1003,6.8,88.6,91.9,77.4,87.1,4.7,10.0,83.2
STU1004,4.4,96.5,83.8,64.8,73.6,4.2,10.0,76.1
STU1005,4.4,93.3,69.6,50.1,81.9,6.3,5.6,70.9
STU1006,4.7,79.1,83.6,77.7,89.9,6.4,10.0,70.2
STU1007,4.0,94.5,93.7,84.8,71.4,7.8,7.4,80.1
STU1008,1.6,86.9,60.6,81.0,87.6,5.3,7.8,66.0
STU1009,8.1,74.3,81.8,70.8,74.9,6.7,9.1,79.5
STU1010,1.8,87.0,73.3,73.7,74.5,9.2,8.5,68.8
STU1011,2.8,93.8,74.7,44.3,75.2,6.0,10.0,65.1
STU1012,3.4,72.8,77.9,79.7,84.0,4.9,7.3,71.9
STU1013,4.4,61.8,67.7,42.0,69.0,5.7,7.2,51.3
STU1014,2.4,81.3,70.2,56.1,66.5,6.5,6.7,58.9
STU1015,6.2,81.2,82.4,61.7,63.9,6.4,8.9,71.9
STU1016,2.4,81.2,60.5,74.4,92.3,5.9,8.0,73.5
STU1017,5.3,87.1,79.0,63.5,82.1,7.7,9.5,70.3
STU1018,2.2,80.3,80.7,67.8,69.0,5.3,7.4,69.4
STU1019,7.1,60.9,78.1,52.8,73.6,4.0,6.4,65.2
STU1020,3.7,100.0,76.6,82.9,95.4,7.5,10.0,82.7
STU1021,4.9,91.8,80.4,65.7,79.9,4.0,10.0,73.0
STU1022,5.7,80.2,62.3,61.4,100.0,5.6,8.1,74.2
STU1023,4.0,73.0,67.9,55.6,61.5,9.6,6.2,62.9
STU1024,3.7,64.2,91.0,63.9,69.8,6.2,8.9,64.2
STU1025,4.4,87.6,70.8,73.8,81.2,4.9,9.2,71.8
STU1026,3.5,80.5,61.7,59.4,77.8,6.2,9.2,65.6
STU1027,4.6,83.7,88.4,82.5,68.5,6.0,8.0,84.0
STU1028,5.7,89.1,61.2,74.2,54.4,6.0,6.0,64.7
STU1029,8.2,77.1,73.7,55.5,68.0,6.1,7.8,76.7
STU1030,3.0,83.8,78.3,73.5,57.6,5.3,7.4,73.0
STU1031,3.7,83.4,86.1,75.5,90.8,8.1,10.0,77.7
STU1032,4.3,81.7,76.2,76.3,84.4,6.4,8.0,74.1
STU1033,8.2,74.0,80.3,66.2,60.0,6.2,9.0,70.7
STU1034,3.8,89.1,88.0,57.2,69.3,5.5,9.4,68.6
STU1035,6.4,71.2,73.4,58.8,67.1,7.1,7.9,63.1
STU1036,7.7,82.0,79.7,66.9,88.4,5.2,9.4,79.5
STU1037,1.7,78.1,65.0,42.1,40.7,7.0,7.6,53.2
STU1038,4.3,69.9,67.4,71.6,75.7,5.1,7.5,66.6
STU1039,7.6,67.9,86.7,64.8,87.6,4.4,9.5,77.7
STU1040,4.5,100.0,79.7,68.5,94.1,6.9,8.9,72.9
STU1041,4.3,96.2,78.1,72.5,92.5,5.7,10.0,79.8
STU1042,3.3,69.0,67.9,76.4,100.0,5.4,8.1,74.8
STU1043,2.4,86.7,74.3,65.4,71.7,5.8,6.9,66.0
STU1044,2.0,68.4,58.2,68.0,66.7,7.4,7.7,59.3
STU1045,1.6,80.2,60.9,68.6,68.0,6.0,7.1,60.6
STU1046,4.1,82.0,77.2,41.4,70.3,6.1,9.6,63.6
STU1047,4.1,86.1,88.1,74.7,100.0,6.2,10.0,81.1
STU1048,5.2,76.6,88.8,67.3,67.6,4.0,7.9,72.7
STU1049,0.5,64.9,58.3,57.6,53.0,5.3,7.5,51.7
STU1050,5.4,75.2,85.4,44.4,91.2,6.3,6.4,72.6
STU1051,5.7,71.8,81.6,94.2,89.1,5.0,9.0,86.1
STU1052,0.5,77.3,74.3,69.1,69.0,8.1,6.9,62.7
STU1053,5.7,78.9,76.7,77.8,93.4,6.9,8.4,84.5
STU1054,7.6,94.7,90.2,93.3,94.2,6.3,8.5,93.2
STU1055,3.2,100.0,87.8,100.0,100.0,8.4,10.0,93.1
STU1056,6.8,71.5,74.2,71.2,72.3,5.5,9.5,75.8
STU1057,5.0,82.4,57.9,77.3,87.2,6.7,8.8,68.3
STU1058,3.5,88.7,81.7,74.8,100.0,5.7,8.1,82.8
STU1059,5.3,92.3,100.0,78.2,94.0,8.6,10.0,86.1
STU1060,5.1,79.8,72.2,60.0,73.4,8.2,7.4,67.7
STU1061,4.5,87.9,70.7,59.1,82.5,6.1,5.7,69.5
STU1062,4.5,79.9,73.7,51.4,62.7,6.5,8.7,61.6
STU1063,1.8,63.1,70.3,43.2,88.2,8.1,5.8,58.5
STU1064,5.5,95.1,96.2,77.3,88.3,5.7,10.0,82.2
STU1065,3.2,98.6,76.4,65.0,86.5,5.6,10.0,77.3
STU1066,4.2,74.3,84.4,71.4,69.7,7.1,9.6,71.1
STU1067,3.8,88.4,90.9,79.6,99.4,6.3,10.0,81.6
STU1068,3.5,90.7,79.2,75.2,91.0,6.5,7.7,73.4
STU1069,6.1,76.1,78.1,57.8,66.2,4.9,7.4,68.7
STU1070,6.8,94.4,92.4,100.0,91.8,4.0,9.5,93.4
STU1071,7.0,100.0,100.0,100.0,81.0,5.9,10.0,94.3
STU1072,2.5,74.3,66.4,56.0,77.9,7.5,7.7,58.6
STU1073,5.3,78.3,98.4,88.2,99.1,5.7,9.2,82.4
STU1074,4.3,69.2,58.2,37.1,68.4,7.7,7.2,56.7
STU1075,5.5,93.8,86.2,67.1,77.3,5.1,9.1,81.1
STU1076,8.8,80.3,83.4,56.1,64.4,4.1,9.2,69.4
STU1077,4.9,94.0,75.3,71.8,67.3,5.9,6.8,76.8
STU1078,4.9,69.8,90.3,63.4,64.9,5.9,10.0,70.7
STU1079,2.2,76.7,61.1,60.8,73.6,7.4,5.2,60.2
STU1080,4.5,74.9,66.9,78.7,93.4,5.2,8.1,74.4
STU1081,4.5,100.0,77.7,88.7,87.5,7.6,9.7,78.5
STU1082,7.1,100.0,93.4,75.4,100.0,7.7,10.0,92.0
STU1083,5.8,71.6,86.8,70.0,75.4,5.8,6.2,71.1
STU1084,2.4,71.9,76.3,68.9,70.5,7.9,10.0,63.9
STU1085,1.7,87.2,64.9,59.8,69.4,5.5,9.9,65.2
STU1086,2.0,83.8,100.0,70.7,83.3,7.8,10.0,68.8
STU1087,5.7,83.5,84.4,91.0,69.0,7.0,7.8,75.1
STU1088,2.0,79.1,84.1,67.2,76.2,7.5,9.3,68.4
STU1089,1.1,66.8,78.4,82.1,84.3,6.8,7.8,71.1
STU1090,5.3,82.5,84.8,61.9,85.6,4.0,10.0,76.6
STU1091,9.9,81.3,97.7,66.3,87.1,4.3,8.3,82.8
STU1092,3.9,73.1,83.8,56.7,68.9,5.5,8.0,73.6
STU1093,5.7,93.7,86.6,65.4,66.3,4.8,8.2,72.7
STU1094,4.3,67.7,83.3,54.4,73.5,6.3,6.7,64.4
STU1095,3.0,80.9,63.6,55.3,71.2,5.9,8.9,59.2
STU1096,6.4,81.1,77.2,54.4,67.2,4.8,10.0,69.4
STU1097,4.2,80.9,83.3,60.3,80.1,5.0,10.0,73.1
STU1098,5.0,89.5,87.4,77.4,82.0,5.2,6.5,82.2
STU1099,4.9,83.8,75.2,74.3,70.0,7.3,10.0,68.4
STU1100,2.0,78.9,75.6,51.5,57.8,5.9,10.0,57.7
STU1101,5.9,88.7,89.6,54.6,74.9,5.3,8.1,73.7
STU1102,3.9,76.8,67.3,55.3,62.0,5.7,10.0,63.7
STU1103,2.4,71.4,63.4,57.9,73.4,6.9,7.6,60.4
STU1104,5.3,70.7,76.8,75.5,69.0,6.4,6.4,72.9
STU1105,3.2,76.6,83.4,84.3,94.7,4.0,8.7,76.3
STU1106,6.2,100.0,89.4,83.4,100.0,6.9,10.0,94.0
STU1107,4.6,94.9,92.2,59.1,69.7,7.7,8.2,74.9
STU1108,6.7,70.7,86.1,75.5,86.9,4.5,7.9,75.3
STU1109,5.3,69.0,79.0,60.2,69.1,4.9,9.4,64.6
STU1110,2.7,75.1,49.8,45.1,68.9,6.0,7.2,50.5
STU1111,5.9,87.0,67.7,84.3,67.8,5.0,10.0,78.4
STU1112,7.1,87.6,83.7,79.7,85.3,5.8,9.5,79.3
STU1113,7.7,94.4,80.4,96.4,94.7,4.0,10.0,90.8
STU1114,4.3,79.7,86.1,54.1,72.4,4.9,8.1,68.8
STU1115,2.4,86.9,77.8,75.3,71.5,8.2,9.7,70.3
STU1116,2.6,82.6,100.0,81.3,88.1,5.5,7.6,79.7
STU1117,2.9,53.9,89.3,54.2,57.8,7.8,9.1,56.4
STU1118,4.4,86.7,85.5,96.3,97.7,6.5,9.1,88.8
STU1119,4.8,78.4,83.5,91.7,84.7,4.0,10.0,80.3
STU1120,5.3,88.4,94.1,96.2,88.0,6.6,9.4,87.0
STU1121,4.6,100.0,87.2,64.3,71.4,6.0,9.1,74.5
STU1122,5.6,93.9,75.3,90.5,85.9,5.4,9.7,84.0
STU1123,4.1,70.6,51.7,71.5,68.9,6.4,6.0,63.4
STU1124,5.1,94.3,77.9,80.8,100.0,6.5,7.2,80.2
STU1125,2.9,99.7,99.0,86.4,91.8,7.2,9.7,83.5
STU1126,1.9,80.0,73.6,55.2,79.6,7.9,7.6,63.0
STU1127,3.7,84.4,83.3,67.0,88.2,6.7,8.9,69.7
STU1128,2.4,100.0,66.9,56.8,69.2,5.0,10.0,62.7
STU1129,5.1,68.2,54.5,63.4,58.7,5.5,7.5,62.3
STU1130,5.9,77.2,75.8,66.6,67.8,9.1,6.3,65.7
STU1131,6.8,73.6,73.5,46.6,70.1,6.4,6.6,68.7
STU1132,3.2,80.9,51.4,76.3,89.1,9.0,8.8,74.2
STU1133,7.6,76.1,85.9,87.1,85.4,7.0,10.0,81.7
STU1134,3.9,72.5,78.4,55.7,60.5,6.5,9.8,67.3
STU1135,5.3,88.5,89.8,91.5,83.4,6.3,10.0,84.6
STU1136,2.7,86.6,67.2,62.2,81.6,6.4,9.4,68.5
STU1137,3.7,88.8,74.1,80.3,71.6,4.3,10.0,72.2
STU1138,4.5,75.0,81.4,88.9,88.7,6.1,9.9,83.9
STU1139,3.7,75.1,56.6,42.3,73.4,7.6,8.7,58.7
STU1140,5.0,76.6,74.3,78.7,76.9,5.3,8.5,71.9
STU1141,5.7,77.9,94.1,80.8,90.8,6.3,7.8,79.0
STU1142,3.8,70.3,68.9,54.8,62.4,7.2,6.3,54.9
STU1143,6.8,80.2,83.3,63.8,86.0,4.6,9.0,77.8
STU1144,6.4,100.0,73.1,91.8,89.9,5.2,9.8,88.5
STU1145,2.5,90.8,81.2,89.3,85.8,5.4,10.0,81.3
STU1146,0.5,61.5,46.5,49.5,65.5,6.0,7.5,48.4
STU1147,5.0,68.7,70.7,42.1,59.4,4.6,9.3,54.7
STU1148,2.5,94.8,93.8,71.0,68.3,5.5,9.1,70.0
STU1149,4.4,100.0,67.5,77.7,84.8,7.7,9.3,80.6
STU1150,2.6,68.4,73.7,75.1,100.0,5.5,6.8,71.3
STU1151,1.6,66.2,81.8,87.2,75.2,6.8,7.6,71.4
STU1152,4.9,95.7,85.1,71.9,65.3,5.5,9.6,71.0
STU1153,6.1,87.1,77.6,83.0,73.7,7.1,9.3,80.1
STU1154,3.7,75.5,73.9,76.5,89.2,7.7,10.0,73.4
STU1155,0.5,82.8,52.3,47.6,73.6,7.9,8.7,57.5
STU1156,5.2,68.2,94.1,86.5,95.2,6.3,9.5,86.6
STU1157,5.6,84.9,100.0,86.4,75.8,5.6,10.0,82.2
STU1158,0.8,78.0,69.2,57.5,67.4,5.5,7.7,57.8
STU1159,5.4,94.7,84.0,82.1,70.2,8.1,10.0,77.4
STU1160,3.6,66.5,73.5,56.7,69.7,5.4,7.1,57.6
STU1161,6.3,87.5,85.8,66.5,93.4,6.5,10.0,77.8
STU1162,5.8,80.2,81.0,80.2,77.4,7.0,10.0,79.2
STU1163,2.0,79.5,77.9,65.2,55.5,6.0,8.5,63.0
STU1164,7.5,79.3,90.3,72.4,100.0,6.6,6.1,84.4
STU1165,4.6,80.6,81.9,71.5,76.1,6.9,9.3,72.7
STU1166,5.2,77.5,76.5,67.9,96.5,7.9,10.0,80.0
STU1167,4.5,99.6,100.0,100.0,97.6,5.6,10.0,92.8
STU1168,3.5,88.7,81.9,64.3,73.9,4.9,9.6,72.6
STU1169,2.2,75.2,66.1,78.4,77.7,6.0,5.6,61.6
STU1170,3.4,77.0,80.1,77.9,63.3,6.5,7.0,56.6
STU1171,6.8,63.3,69.8,61.0,71.5,5.7,8.4,69.3
STU1172,2.0,78.7,69.0,58.1,72.2,6.2,9.4,57.6
STU1173,1.9,83.6,72.2,50.5,65.3,4.5,10.0,58.9
STU1174,7.4,100.0,67.1,56.6,82.2,6.0,9.5,73.8
STU1175,4.9,76.4,89.4,63.2,81.9,8.2,10.0,79.2
STU1176,3.3,96.0,61.3,85.3,79.3,6.9,9.4,75.9
STU1177,7.7,100.0,81.0,85.8,81.1,6.1,9.2,86.7
STU1178,3.2,83.1,56.9,71.6,92.4,7.0,5.4,72.0
STU1179,10.2,100.0,100.0,72.8,100.0,5.4,10.0,93.2
STU1180,6.3,89.3,83.4,63.1,92.4,6.8,9.9,77.6
STU1181,2.9,80.6,68.0,71.2,68.3,6.9,7.3,69.3
STU1182,7.4,75.1,63.5,62.4,51.0,5.2,5.5,60.9
STU1183,3.8,96.5,71.1,73.2,100.0,5.4,10.0,79.5
STU1184,5.6,91.1,82.0,74.0,76.6,5.6,8.7,72.2
STU1185,5.7,80.3,80.0,95.1,80.8,6.2,10.0,84.1
STU1186,7.3,72.3,87.2,72.3,87.0,5.2,10.0,81.5
STU1187,7.2,79.6,72.2,70.0,89.6,5.9,5.6,82.4
STU1188,3.8,69.3,73.3,63.7,70.1,6.7,6.9,59.9
STU1189,1.8,72.3,76.8,81.2,80.1,7.6,7.1,68.3
STU1190,4.9,91.1,80.8,42.4,81.4,7.4,10.0,70.6
STU1191,4.1,82.8,81.0,86.1,77.4,6.3,7.2,77.9
STU1192,8.3,82.9,85.6,70.9,73.7,4.0,10.0,80.4
STU1193,3.6,75.1,66.4,63.8,76.6,5.9,8.0,62.9
STU1194,4.0,91.1,79.6,64.5,52.0,6.2,9.2,64.2
STU1195,5.2,63.0,79.1,73.3,80.8,4.0,8.4,77.2
STU1196,1.3,70.9,67.9,69.0,56.5,8.3,7.3,58.7
STU1197,2.9,84.9,80.4,100.0,79.5,6.6,10.0,82.0
STU1198,6.7,93.8,71.9,79.5,77.4,6.1,7.8,78.5
STU1199,2.3,70.5,59.1,49.2,62.1,8.0,8.2,50.7
STU1200,2.9,66.3,67.5,68.9,75.9,5.7,8.2,68.4
STU1201,6.0,91.3,69.6,70.6,72.4,6.4,8.5,75.2
STU1202,7.6,82.5,78.2,61.1,100.0,5.4,10.0,87.8
STU1203,6.7,77.0,89.7,76.9,100.0,5.5,10.0,81.9
STU1204,5.1,67.8,60.7,64.3,54.3,5.1,8.4,64.5
STU1205,2.3,74.6,74.4,46.6,82.8,8.4,9.7,57.9
STU1206,2.4,79.3,81.1,86.7,81.4,6.1,7.2,75.3
STU1207,7.7,64.1,67.3,80.5,85.7,6.2,10.0,82.3
STU1208,4.4,93.6,88.3,67.1,81.8,4.1,6.0,68.1
STU1209,7.5,100.0,100.0,100.0,100.0,6.8,10.0,97.3
STU1210,7.4,91.6,76.3,93.3,96.7,6.7,9.0,87.6
STU1211,6.5,78.0,92.5,89.4,92.3,5.8,10.0,85.3
STU1212,6.2,85.8,79.4,79.6,83.3,5.5,10.0,81.9
STU1213,9.0,85.8,88.0,73.9,71.6,5.6,9.3,84.8
STU1214,3.1,85.8,63.7,67.7,66.5,8.9,8.8,64.8
STU1215,6.9,92.9,70.1,72.0,68.8,4.0,8.4,75.6
STU1216,3.9,70.4,68.9,39.1,67.4,7.1,5.7,56.3
STU1217,4.8,81.4,76.0,90.1,67.5,5.0,9.8,76.9
STU1218,6.8,83.4,73.2,66.9,71.3,5.6,9.7,70.2
STU1219,5.5,96.3,69.4,75.2,93.7,5.6,10.0,83.6
STU1220,7.6,100.0,94.8,92.5,100.0,5.0,10.0,95.9
STU1221,4.7,78.3,67.2,43.2,58.3,6.0,8.4,59.4
STU1222,4.5,86.9,83.3,74.8,84.2,4.9,9.2,74.7
STU1223,1.5,85.7,65.7,36.3,78.5,7.8,9.6,55.0
STU1224,2.2,83.1,67.2,90.3,82.7,4.6,10.0,74.3
STU1225,1.9,80.4,95.2,67.3,84.1,7.2,10.0,67.6
STU1226,8.3,95.7,71.5,59.3,63.2,5.0,8.9,67.2
STU1227,1.5,82.2,72.5,54.4,70.9,5.4,9.5,59.1
STU1228,3.5,73.5,83.1,77.0,81.8,6.5,9.1,75.8
STU1229,4.6,81.5,88.1,77.0,79.0,4.4,8.5,74.8
STU1230,4.4,80.4,71.2,49.1,72.1,6.2,6.3,59.4
STU1231,6.2,87.7,76.8,86.0,79.1,4.2,8.9,78.4
STU1232,6.1,84.1,89.5,78.5,78.3,6.3,10.0,79.3
STU1233,2.9,81.0,59.6,69.4,48.0,5.4,10.0,59.3
STU1234,6.1,100.0,87.2,99.3,98.9,5.3,9.5,99.7
STU1235,5.6,96.0,80.7,100.0,98.1,6.2,8.1,93.2
STU1236,2.2,71.7,72.7,73.8,55.5,5.7,8.9,66.4
STU1237,7.6,92.1,85.9,64.3,79.8,5.4,7.7,82.3
STU1238,4.8,68.2,65.2,81.2,67.0,4.4,8.8,67.0
STU1239,6.6,90.9,83.9,82.7,91.3,6.4,9.0,81.2
STU1240,5.0,94.4,67.5,67.6,69.2,7.9,10.0,67.4
STU1241,6.5,79.2,73.0,50.2,65.2,8.8,7.6,69.8
STU1242,5.3,77.0,91.8,73.2,96.6,6.0,10.0,79.7
STU1243,2.9,81.0,71.5,69.7,95.1,7.3,9.9,69.0
STU1244,4.1,64.4,83.8,67.1,61.8,4.2,7.9,64.9
STU1245,3.0,72.5,82.3,78.4,81.9,8.1,5.5,71.3
STU1246,3.1,75.6,83.7,42.4,75.7,7.2,5.1,61.4
STU1247,5.0,64.7,69.9,63.2,78.3,5.5,7.6,68.4
STU1248,8.3,92.7,93.5,100.0,81.1,6.7,10.0,90.1
STU1249,4.9,93.0,69.1,72.0,92.3,5.7,7.9,78.7
STU1250,3.9,65.8,63.9,65.4,61.4,5.7,5.8,59.0
STU1251,8.4,100.0,93.0,83.0,84.7,5.8,10.0,88.8
STU1252,6.8,99.6,100.0,95.0,100.0,4.5,10.0,97.5
STU1253,10.1,98.0,80.9,77.3,91.4,6.1,10.0,85.7
STU1254,4.2,66.6,63.7,41.4,57.4,5.0,8.5,52.8
STU1255,0.9,87.2,70.7,52.8,49.8,5.7,7.0,56.1
STU1256,7.0,79.2,77.5,90.5,100.0,4.6,9.4,84.8
STU1257,4.5,86.2,78.6,63.1,58.0,6.9,10.0,66.2
STU1258,7.2,86.3,77.6,72.9,72.7,4.9,9.5,79.3
STU1259,6.4,91.9,84.2,73.1,82.2,4.2,10.0,87.0
STU1260,3.4,65.3,66.7,57.4,82.9,5.7,10.0,66.7
STU1261,2.2,73.1,69.2,80.9,87.4,6.5,6.5,72.4
STU1262,1.2,68.2,51.6,33.9,44.0,5.5,7.1,43.8
STU1263,2.0,66.8,67.0,45.0,69.1,5.3,10.0,52.5
STU1264,3.2,84.9,72.3,75.7,71.2,8.7,8.4,70.4
STU1265,4.4,61.5,62.6,55.3,67.1,5.2,8.6,60.4
STU1266,9.0,99.9,97.3,86.7,95.6,4.8,9.3,94.7
STU1267,3.9,61.7,82.3,73.4,76.5,5.8,6.2,70.2
STU1268,2.0,84.6,74.6,65.4,83.7,6.1,9.3,69.7
STU1269,5.4,88.7,89.3,74.5,85.2,6.6,10.0,79.5
STU1270,8.0,84.0,79.7,71.4,87.3,6.4,10.0,82.0
STU1271,2.1,78.9,67.3,53.2,71.2,6.2,10.0,56.6
STU1272,5.3,91.5,78.1,88.3,90.2,4.6,10.0,82.8
STU1273,4.5,76.9,65.4,53.0,65.2,7.5,10.0,66.9
STU1274,2.2,66.5,62.7,62.4,65.0,6.5,7.2,59.7
STU1275,6.1,66.1,94.1,75.7,84.1,7.7,10.0,79.8
STU1276,4.5,86.5,88.6,72.4,89.7,4.0,9.6,84.9
STU1277,4.7,63.5,76.4,75.4,72.4,6.3,8.6,66.5
STU1278,3.0,83.3,64.1,74.4,67.7,8.5,9.7,63.9
STU1279,3.4,77.2,73.1,82.4,77.7,5.9,6.1,77.6
STU1280,5.9,89.1,83.3,60.2,79.1,5.6,7.6,73.8
STU1281,4.4,83.1,85.1,78.1,87.2,6.4,9.7,78.0
STU1282,9.0,88.4,77.5,86.8,100.0,4.6,7.9,85.4
STU1283,2.7,81.5,59.9,45.9,74.6,6.1,9.2,60.2
STU1284,6.8,98.0,95.9,100.0,95.2,5.3,10.0,96.6
STU1285,4.4,73.3,68.7,76.1,56.7,5.4,7.6,63.0
STU1286,1.8,85.5,55.5,68.3,66.6,8.0,7.3,60.7
STU1287,1.9,70.9,79.5,81.4,92.2,7.1,10.0,73.5
STU1288,2.0,90.9,80.0,73.7,95.9,6.9,10.0,76.5
STU1289,6.2,84.1,82.9,55.9,67.9,6.6,8.7,66.5
STU1290,3.3,71.1,82.3,47.9,71.0,6.0,9.2,66.3
STU1291,8.7,76.7,83.5,57.3,87.1,4.4,8.7,80.2
STU1292,3.0,78.1,65.8,48.8,75.4,5.7,9.2,59.8
STU1293,5.6,85.8,68.7,97.2,94.2,5.9,9.6,84.7
STU1294,7.6,87.3,80.2,72.3,70.0,4.3,9.4,77.5
STU1295,7.5,91.4,84.8,59.3,77.8,4.9,10.0,74.6
STU1296,9.0,97.7,100.0,88.8,79.7,4.6,10.0,89.9
STU1297,7.0,71.4,89.3,60.7,68.4,7.9,6.8,71.0
STU1298,7.1,92.8,90.6,69.7,81.9,4.0,9.8,86.8
STU1299,6.1,98.4,88.0,77.0,79.0,5.6,8.2,84.2
STU1300,5.2,80.7,67.9,73.0,69.7,7.9,10.0,74.5
STU1301,3.0,89.0,72.0,69.9,59.3,6.5,7.8,66.8
STU1302,3.7,100.0,98.6,80.2,96.0,7.1,7.9,80.4
STU1303,5.0,95.4,75.1,77.0,96.0,6.1,10.0,81.1
STU1304,4.2,84.2,92.7,74.2,59.5,5.4,10.0,76.0
STU1305,3.8,92.6,76.0,73.4,89.8,4.0,10.0,72.6
STU1306,6.9,91.0,100.0,71.4,81.5,5.8,10.0,85.3
STU1307,5.7,78.7,62.5,64.6,81.2,5.0,9.0,78.1
STU1308,5.2,81.9,88.5,63.7,81.5,5.1,10.0,78.5
STU1309,7.0,95.6,72.5,68.9,76.9,5.1,7.9,81.0
STU1310,2.2,72.9,62.4,62.5,73.7,8.5,8.3,62.5
STU1311,5.1,100.0,89.3,100.0,100.0,8.6,9.7,95.2
STU1312,4.0,91.7,93.5,77.8,74.3,6.4,8.2,74.9
STU1313,1.9,73.6,75.0,62.7,90.4,6.1,8.9,70.2
STU1314,5.5,93.3,75.7,81.6,100.0,4.6,10.0,86.2
STU1315,4.3,62.2,77.8,75.9,86.7,6.7,9.2,74.8
STU1316,7.8,92.0,85.6,95.2,100.0,7.4,10.0,97.7
STU1317,5.4,88.5,81.9,60.4,69.1,5.6,9.1,69.2
STU1318,2.9,78.3,88.3,55.8,88.7,4.0,9.9,69.5
STU1319,7.7,82.4,79.6,77.7,77.5,6.2,7.7,80.3
STU1320,6.8,100.0,97.9,55.8,89.5,6.7,9.1,77.3
STU1321,6.1,80.8,86.4,71.2,83.7,4.0,9.7,79.4
STU1322,3.4,67.0,68.5,59.0,66.0,6.5,8.3,55.8
STU1323,4.7,100.0,79.9,90.2,100.0,6.6,10.0,90.3
STU1324,2.9,94.6,67.4,67.5,64.7,6.3,8.3,66.1
STU1325,5.4,74.7,67.2,50.3,51.1,5.1,7.2,57.2
STU1326,8.9,98.6,99.4,78.6,84.5,6.3,10.0,86.6
STU1327,8.0,99.5,91.5,77.8,92.6,5.0,10.0,88.2
STU1328,4.2,78.7,72.4,77.9,98.9,4.5,10.0,80.5
STU1329,3.1,81.2,83.7,77.4,86.1,4.1,9.1,77.3
STU1330,4.7,93.6,84.7,74.7,92.3,7.4,8.6,77.9
STU1331,0.5,92.6,82.4,70.3,57.3,7.6,8.4,61.1
STU1332,5.1,87.8,87.6,75.1,75.5,6.1,9.6,79.5
STU1333,3.6,69.6,79.6,68.2,69.6,5.8,5.2,64.0
STU1334,4.5,100.0,86.5,62.3,84.5,5.5,7.9,75.4
STU1335,1.5,76.1,78.6,69.1,78.0,5.5,7.7,67.0
STU1336,4.7,73.9,83.8,67.0,77.9,5.6,8.4,73.1
STU1337,3.3,83.3,63.2,74.8,72.0,4.0,8.4,71.0
STU1338,2.8,99.2,77.2,66.5,82.9,5.6,10.0,68.4
STU1339,0.5,86.7,64.2,57.1,71.3,6.6,6.4,52.0
STU1340,3.7,81.0,75.2,55.5,60.1,6.9,7.1,60.1
STU1341,7.9,87.9,94.2,78.3,80.7,5.4,10.0,91.2
STU1342,7.7,83.9,77.6,83.8,81.2,6.3,9.4,89.6
STU1343,3.2,84.3,52.2,60.4,71.1,7.8,10.0,68.3
STU1344,3.0,55.1,70.2,75.3,75.6,7.6,10.0,66.7
STU1345,5.6,80.6,89.4,73.7,81.8,6.4,8.1,72.4
STU1346,1.4,75.6,70.1,54.2,59.5,6.7,7.5,48.8
STU1347,3.8,62.6,71.3,53.6,76.8,5.2,6.8,60.2
STU1348,5.2,81.4,71.3,71.0,60.8,6.8,5.4,67.1
STU1349,6.5,78.8,67.1,71.4,69.7,7.5,8.2,76.1
STU1350,4.6,100.0,85.6,98.1,100.0,6.5,10.0,93.0
STU1351,5.5,100.0,83.0,75.4,81.5,8.0,10.0,81.0
STU1352,3.7,82.7,100.0,84.3,74.4,4.6,10.0,76.7
STU1353,2.9,79.6,81.3,62.6,83.4,5.2,8.2,66.2
STU1354,4.1,81.2,72.9,60.2,56.1,7.1,7.9,63.8
STU1355,4.3,71.7,65.4,59.9,66.1,6.4,9.8,65.9
STU1356,6.1,83.7,78.9,71.3,100.0,7.2,8.3,82.0
STU1357,2.8,73.1,72.9,99.2,65.0,6.4,8.9,70.7
STU1358,7.5,73.2,93.5,71.2,61.6,4.5,9.2,78.3
STU1359,3.3,83.0,73.1,49.3,53.4,6.1,10.0,60.3
STU1360,4.9,91.1,76.2,78.2,93.1,4.3,10.0,77.0
STU1361,4.5,83.6,100.0,62.5,100.0,4.9,8.3,76.8
STU1362,0.5,89.9,75.0,67.9,72.1,8.0,7.3,66.4
STU1363,6.5,78.4,90.1,74.2,89.4,6.7,10.0,81.2
STU1364,6.4,88.5,79.8,85.6,100.0,6.1,9.6,91.8
STU1365,3.6,87.4,78.1,76.7,94.0,4.4,8.1,78.8
STU1366,4.8,83.0,83.3,66.7,77.4,5.6,10.0,72.1
STU1367,5.4,86.4,62.4,68.5,55.4,4.6,9.4,66.7
STU1368,1.8,77.7,95.3,62.5,70.0,7.9,9.0,67.3
STU1369,2.9,75.5,83.1,49.9,64.6,5.8,9.3,59.2
STU1370,6.0,80.2,76.4,73.7,76.7,4.6,8.4,72.4
STU1371,2.7,77.9,71.0,61.0,79.5,6.5,10.0,68.5
STU1372,6.3,89.0,94.1,80.0,100.0,5.0,9.1,90.0
STU1373,2.9,73.0,85.3,68.6,99.2,8.1,10.0,77.1
STU1374,7.3,90.3,100.0,97.6,99.2,4.7,10.0,100.0
STU1375,3.7,74.7,73.9,82.1,84.8,4.7,6.1,72.2
STU1376,2.4,84.8,88.0,64.4,88.7,4.2,9.2,77.7
STU1377,6.8,80.8,94.8,51.5,77.9,5.6,10.0,71.3
STU1378,5.1,94.6,100.0,90.5,100.0,5.4,10.0,87.4
STU1379,2.3,81.7,61.3,62.1,71.2,5.0,8.0,56.4
STU1380,4.1,85.3,84.2,64.0,91.0,7.5,7.3,72.7
STU1381,6.0,72.2,90.1,59.1,57.4,6.5,9.6,67.1
STU1382,0.8,57.8,88.1,46.6,51.8,6.8,8.3,54.5
STU1383,4.1,68.9,64.2,68.8,72.6,7.7,6.4,66.3
STU1384,4.6,72.8,75.2,73.9,77.0,6.8,6.3,67.4
STU1385,5.9,79.6,62.1,50.0,89.5,4.9,9.3,67.3
STU1386,5.1,76.7,86.6,69.4,81.1,4.8,10.0,74.4
STU1387,5.5,80.9,88.5,91.1,83.4,6.8,10.0,78.4
STU1388,3.9,83.4,100.0,69.4,94.9,6.7,10.0,76.8
STU1389,4.1,80.3,67.0,83.3,83.1,6.4,7.4,72.0
STU1390,1.8,82.3,54.5,54.0,49.0,5.7,5.1,56.2
STU1391,0.5,79.7,74.8,74.5,83.3,7.6,8.6,68.6
STU1392,4.1,70.2,50.6,62.9,50.3,5.3,7.6,59.2
STU1393,7.8,84.2,100.0,81.8,89.2,5.3,10.0,84.0
STU1394,1.3,88.8,66.3,61.5,78.2,8.3,8.4,67.5
STU1395,2.3,71.1,73.6,60.6,81.2,5.8,5.5,67.9
STU1396,4.1,77.2,46.7,64.2,64.2,4.4,6.7,53.9
STU1397,9.4,73.2,89.8,79.8,78.6,4.0,10.0,81.6
STU1398,4.4,77.9,92.5,59.5,84.8,7.2,10.0,75.1
STU1399,4.3,92.3,91.0,92.6,78.1,6.4,10.0,85.4
STU1400,2.7,74.2,57.4,50.4,65.3,6.3,6.2,53.4
STU1401,6.4,100.0,75.3,58.4,63.5,5.2,7.3,69.2
STU1402,3.3,85.4,77.8,71.7,75.1,6.9,9.8,69.6
STU1403,3.1,72.7,82.1,78.9,85.3,5.4,9.7,75.1
STU1404,3.2,78.4,61.9,91.7,83.1,6.7,9.1,78.9
STU1405,3.3,68.9,87.6,85.3,99.5,5.5,6.0,76.7
STU1406,3.8,74.8,45.7,72.1,68.9,5.3,6.6,65.9
STU1407,7.3,73.2,74.1,63.0,79.3,4.8,8.5,71.0
STU1408,5.2,91.4,75.7,59.9,73.6,5.5,10.0,68.4
STU1409,4.5,79.9,88.2,75.8,85.6,6.0,10.0,80.9
STU1410,4.6,85.2,84.2,78.3,90.2,6.3,9.8,82.9
STU1411,0.7,69.2,54.5,46.9,64.5,4.0,8.2,53.5
STU1412,4.7,89.3,58.4,52.7,44.8,5.2,8.1,53.4
STU1413,5.5,86.6,90.8,87.2,95.3,5.5,10.0,85.2
STU1414,4.5,100.0,80.4,77.3,86.1,7.8,10.0,82.4
STU1415,9.6,85.2,71.9,68.1,65.1,4.0,8.6,75.3
STU1416,6.4,95.9,87.4,88.7,81.6,5.9,10.0,82.6
STU1417,3.3,86.2,84.8,65.6,93.6,8.0,9.3,76.3
STU1418,4.8,92.8,83.0,76.1,94.4,4.6,10.0,79.1
STU1419,6.6,64.1,80.0,57.5,74.9,6.1,8.9,75.7
STU1420,6.6,91.7,100.0,100.0,89.1,4.8,10.0,98.1
STU1421,3.5,100.0,78.2,87.7,87.9,5.7,10.0,83.3
STU1422,5.9,80.0,61.2,65.0,88.7,4.9,9.1,77.1
STU1423,4.2,74.5,92.7,69.5,88.1,5.4,8.5,76.2
STU1424,8.5,85.4,80.5,100.0,83.0,8.3,10.0,92.6
STU1425,7.7,100.0,88.6,71.9,95.5,6.4,8.5,91.0
STU1426,2.8,88.1,63.0,55.6,60.0,7.7,6.7,59.7
STU1427,7.4,85.5,83.7,81.4,100.0,6.1,10.0,86.8
STU1428,5.6,97.4,100.0,87.2,100.0,4.1,10.0,85.4
STU1429,4.5,68.0,72.6,62.9,57.8,6.5,5.3,61.9
STU1430,4.3,58.7,77.3,78.1,63.4,7.3,6.7,70.5
STU1431,1.1,61.0,47.8,55.2,32.8,5.8,5.8,46.8
STU1432,3.1,95.2,65.1,55.7,59.2,7.4,8.4,62.8
STU1433,7.0,83.7,60.4,74.3,71.8,6.4,10.0,72.5
STU1434,5.2,88.7,83.1,88.4,95.4,8.0,10.0,79.1
STU1435,3.8,79.6,87.2,93.5,79.4,5.8,8.9,78.8
STU1436,4.2,100.0,95.2,70.9,79.0,5.0,10.0,77.5
STU1437,4.0,89.2,65.9,69.4,63.9,5.8,6.0,65.2
STU1438,6.7,92.9,67.4,54.9,66.8,7.2,10.0,71.1
STU1439,2.5,80.2,70.4,78.7,84.6,4.5,9.7,78.8
STU1440,4.9,87.1,83.6,72.7,63.2,4.0,8.4,72.8
STU1441,7.0,67.4,87.2,60.4,75.5,5.7,9.6,72.9
STU1442,2.5,83.6,47.0,57.6,45.2,6.0,7.2,51.8
STU1443,5.2,70.4,81.2,76.3,87.7,6.0,8.1,77.2
STU1444,1.4,76.2,74.7,67.6,74.9,7.8,8.4,62.3
STU1445,5.9,75.6,81.0,76.6,76.2,5.2,8.2,76.5
STU1446,4.5,78.6,87.7,67.1,73.5,4.0,8.6,73.6
STU1447,5.4,68.4,97.6,43.5,61.9,8.2,8.0,65.0
STU1448,6.2,73.1,75.2,73.9,52.2,4.7,7.5,70.3
STU1449,8.2,70.5,77.2,64.1,72.0,4.2,8.8,75.3
STU1450,5.5,76.4,72.3,58.7,73.5,7.1,10.0,63.1
STU1451,5.9,95.6,88.5,73.6,96.9,5.4,9.0,85.9
STU1452,4.0,65.6,74.9,55.0,56.9,6.1,5.2,56.7
STU1453,4.3,87.1,84.0,58.7,74.9,6.7,6.5,65.6
STU1454,4.6,90.4,65.5,55.7,56.8,7.3,8.6,59.1
STU1455,3.3,72.4,73.6,49.6,58.7,6.0,7.0,59.2
STU1456,4.7,74.5,91.1,64.4,64.9,7.7,9.0,69.3
STU1457,5.9,73.6,76.0,51.5,76.9,4.0,8.1,62.2
STU1458,2.2,89.9,81.3,46.6,63.3,7.4,6.3,60.9
STU1459,5.5,76.7,68.3,80.3,71.1,5.0,5.1,67.5
STU1460,8.6,88.7,100.0,100.0,95.9,6.8,10.0,97.4
STU1461,4.3,86.8,81.2,61.8,64.9,6.3,9.3,69.2
STU1462,0.5,67.3,61.6,66.0,70.3,6.2,7.3,61.0
STU1463,3.6,89.8,82.4,76.7,87.3,7.0,6.9,82.0
STU1464,6.7,85.2,70.6,82.0,67.3,6.6,9.7,72.6
STU1465,4.3,77.8,71.1,58.8,83.0,6.8,10.0,68.7
STU1466,3.3,77.7,84.0,88.2,78.0,5.2,9.7,76.3
STU1467,4.3,78.1,86.8,71.5,80.3,5.6,8.2,75.7
STU1468,5.5,83.9,64.7,50.0,76.3,5.9,8.7,66.5
STU1469,5.0,90.2,84.2,72.2,67.3,6.0,6.7,72.0
STU1470,3.8,74.3,81.1,81.4,78.2,7.1,10.0,73.8
STU1471,1.8,72.5,52.8,75.4,56.6,4.4,7.0,55.4
STU1472,2.4,53.1,51.7,41.7,62.7,6.9,4.2,50.7
STU1473,4.1,84.6,87.2,91.4,69.5,5.9,9.7,80.5
STU1474,8.9,91.6,90.4,81.9,76.0,4.3,10.0,88.9
STU1475,3.7,71.9,77.1,76.1,83.5,5.4,8.0,71.8
STU1476,7.2,76.6,81.8,59.6,92.2,5.3,8.8,75.0
STU1477,7.5,77.5,65.3,59.2,70.4,4.0,7.2,65.7
STU1478,9.1,100.0,100.0,92.3,100.0,4.4,10.0,98.3
STU1479,4.7,86.9,84.4,82.1,92.8,5.1,9.0,78.5
STU1480,5.1,60.0,83.8,61.7,83.1,6.6,5.0,75.2
STU1481,3.6,56.1,64.4,67.7,49.8,5.4,6.9,53.9
STU1482,1.4,66.6,79.2,65.2,55.3,6.5,8.7,60.6
STU1483,5.3,87.6,63.6,78.6,78.2,7.6,8.7,79.7
STU1484,1.7,51.4,82.5,80.2,80.6,7.8,10.0,71.4
STU1485,5.4,68.7,66.6,60.4,90.0,6.9,8.1,70.6
STU1486,3.1,73.1,80.4,50.1,67.7,5.8,8.7,58.5
STU1487,3.9,88.7,70.7,74.2,55.9,6.8,8.1,63.0
STU1488,6.5,88.5,100.0,80.2,98.4,5.4,10.0,91.2
STU1489,4.8,90.9,82.0,88.8,100.0,5.8,9.5,90.6
STU1490,5.5,83.3,69.5,87.2,82.1,6.4,8.5,77.5
STU1491,5.0,70.6,100.0,89.8,85.0,5.3,10.0,80.5
STU1492,6.1,89.8,79.4,54.3,86.4,7.4,7.9,65.4
STU1493,1.3,78.9,71.6,51.3,75.0,6.6,6.6,55.8
STU1494,6.1,96.0,100.0,99.8,85.7,6.5,8.9,91.3
STU1495,8.5,100.0,76.6,73.5,87.4,6.9,10.0,89.3
STU1496,1.8,56.0,74.0,60.5,78.2,7.8,8.1,63.7
STU1497,3.1,97.2,70.7,76.4,89.7,4.8,9.7,76.9
STU1498,4.6,74.0,70.9,68.9,70.2,6.6,6.4,66.4
STU1499,3.6,76.4,68.2,59.2,61.5,7.2,8.6,60.1
STU1500,6.0,87.1,73.2,77.0,99.7,6.8,9.7,86.6
STU1501,7.1,89.4,88.0,85.7,85.0,4.4,10.0,87.0
STU1502,4.4,68.2,80.2,65.5,70.3,5.4,6.0,60.4
STU1503,7.0,88.5,92.8,81.7,71.3,6.7,9.8,80.5
STU1504,4.7,63.7,73.3,60.7,82.2,5.2,7.3,64.8
STU1505,3.6,86.2,76.4,77.0,72.8,6.0,7.5,70.2
STU1506,5.2,74.5,72.1,62.7,85.1,7.7,9.4,73.3
STU1507,7.1,66.1,86.4,52.0,73.4,5.5,5.5,68.4
STU1508,4.3,78.0,77.0,62.1,65.5,5.3,9.7,66.8
STU1509,2.0,89.0,72.5,50.9,82.8,5.6,9.5,68.4
STU1510,6.7,78.5,92.7,69.7,96.3,6.0,7.8,79.8
STU1511,4.2,85.1,71.0,83.1,88.9,4.7,7.8,83.3
STU1512,0.5,73.6,87.6,58.8,67.2,6.6,8.2,59.0
STU1513,5.2,83.8,58.6,63.0,66.7,6.3,8.7,66.3
STU1514,3.0,85.1,87.7,57.0,73.1,7.8,8.4,66.4
STU1515,5.0,100.0,81.3,74.7,78.6,6.7,10.0,78.7
STU1516,5.5,83.3,81.0,58.4,97.9,5.1,10.0,77.9
STU1517,4.0,82.5,53.9,57.8,69.8,7.5,7.4,63.0
STU1518,5.9,83.5,76.4,68.9,52.1,5.5,6.5,65.5
STU1519,4.4,98.8,74.8,83.5,90.3,4.8,10.0,77.7
STU1520,3.9,65.2,60.1,55.8,58.7,6.0,9.6,66.4
STU1521,4.5,92.3,81.4,62.3,81.2,7.7,10.0,71.9
STU1522,5.2,76.2,82.8,75.3,70.0,6.1,6.6,75.2
STU1523,6.1,84.8,86.0,78.0,92.6,5.8,9.3,77.8
STU1524,2.1,78.3,73.7,64.5,82.4,8.4,6.6,65.2
STU1525,4.8,73.6,55.4,51.9,63.3,4.5,8.2,58.9
STU1526,2.1,71.1,56.5,48.0,58.0,5.2,5.3,52.9
STU1527,6.0,84.3,96.3,72.9,78.9,4.0,8.6,71.0
STU1528,5.4,98.6,74.7,77.8,82.1,6.3,8.2,79.1
STU1529,7.0,85.9,88.7,41.7,58.5,5.8,8.5,62.6
STU1530,4.7,94.1,81.4,70.5,89.8,7.8,9.3,79.1
STU1531,2.4,67.7,64.5,50.6,66.1,6.8,7.5,53.0
STU1532,4.4,73.2,87.7,72.2,93.7,5.7,8.7,74.6
STU1533,2.9,83.8,79.7,71.0,80.9,6.4,6.6,69.9
STU1534,5.4,86.4,73.4,55.0,63.9,6.0,9.5,63.2
STU1535,1.6,96.3,73.1,65.0,86.4,4.8,9.4,68.0
STU1536,1.8,71.1,69.5,55.8,59.5,9.6,6.5,52.5
STU1537,2.2,77.5,76.9,57.3,80.3,7.1,10.0,59.7
STU1538,7.1,72.5,96.2,76.2,82.8,5.8,10.0,85.7
STU1539,7.1,74.8,76.4,72.7,63.8,6.3,8.1,69.0
STU1540,5.1,96.5,90.9,66.8,87.9,6.8,10.0,78.9
STU1541,3.2,70.8,83.8,63.4,41.2,6.2,10.0,63.2
STU1542,5.1,91.3,86.5,56.6,63.5,5.3,9.4,67.4
STU1543,7.9,88.8,94.9,78.2,90.2,6.1,10.0,85.0
STU1544,0.6,70.2,43.3,41.7,54.1,7.3,5.1,44.4
STU1545,4.2,66.3,48.7,80.5,69.6,5.3,7.6,69.5
STU1546,6.8,86.3,88.3,72.7,68.0,7.2,9.3,73.9
STU1547,5.2,52.4,76.8,43.8,64.7,6.3,8.2,58.6
STU1548,5.2,82.5,77.3,51.7,82.8,6.8,9.8,64.2
STU1549,5.8,62.9,77.3,64.3,78.3,7.4,8.7,69.5
STU1550,0.5,94.0,75.5,77.6,80.2,6.9,9.7,70.6
STU1551,5.6,88.5,88.5,72.6,89.1,6.2,7.2,77.0
STU1552,4.4,93.4,88.1,83.5,94.4,7.0,8.8,82.0
STU1553,1.4,98.0,71.3,85.3,75.5,5.9,8.8,68.0
STU1554,5.7,75.0,91.0,67.4,78.2,5.9,8.6,75.6
STU1555,6.6,96.1,75.2,75.7,61.8,5.8,10.0,79.3
STU1556,3.8,87.9,79.1,47.2,69.9,5.2,7.0,59.7
STU1557,5.8,77.2,72.1,55.7,83.8,8.4,7.9,67.8
STU1558,7.8,95.2,78.3,54.1,86.3,4.0,10.0,78.8
STU1559,6.5,69.0,77.8,62.8,87.9,4.3,7.8,77.9
STU1560,7.7,75.9,83.4,72.4,78.3,6.9,9.7,74.5
STU1561,7.7,88.7,100.0,92.0,100.0,6.2,10.0,94.0
STU1562,5.4,82.2,83.4,79.4,85.4,4.8,10.0,81.0
STU1563,1.3,70.0,57.1,56.5,88.4,7.4,8.0,60.0
STU1564,5.1,100.0,84.2,79.9,90.0,7.6,10.0,75.2
STU1565,2.6,77.1,81.2,49.4,79.0,6.4,6.2,64.3
STU1566,6.6,73.1,62.3,64.6,75.1,8.5,6.5,73.9
STU1567,3.3,70.5,67.9,56.6,66.0,4.4,8.3,61.2
STU1568,3.0,53.5,72.2,45.9,61.2,7.2,7.4,51.1
STU1569,5.2,82.5,70.1,84.0,90.5,7.2,10.0,78.3
STU1570,4.6,63.9,64.9,56.5,75.3,7.1,7.8,69.0
STU1571,9.1,91.4,93.4,74.4,80.2,5.0,10.0,88.2
STU1572,3.7,71.0,76.1,61.2,100.0,5.9,7.9,73.7
STU1573,4.7,99.6,68.4,67.1,71.5,6.5,10.0,72.8
STU1574,3.9,95.6,82.8,83.0,89.1,7.1,10.0,79.0
STU1575,0.5,69.7,63.2,56.0,69.2,7.6,5.5,54.1
STU1576,3.6,95.4,79.6,100.0,78.9,7.4,10.0,82.6
STU1577,5.1,78.6,87.6,53.0,72.4,4.9,9.4,70.7
STU1578,2.4,78.3,82.2,61.9,67.3,6.3,8.6,69.7
STU1579,4.3,90.8,83.9,75.3,71.1,5.1,9.8,78.6
STU1580,2.3,86.5,81.9,66.9,78.0,6.1,8.9,65.0
STU1581,4.0,91.6,70.5,59.0,75.8,7.3,10.0,69.2
STU1582,2.4,92.8,74.0,66.3,80.6,6.6,9.6,72.1
STU1583,7.9,98.4,93.1,100.0,86.9,8.3,10.0,96.3
STU1584,4.8,67.4,75.9,81.1,97.7,6.3,8.3,76.6
STU1585,2.1,74.4,81.8,72.7,82.1,6.6,10.0,80.2
STU1586,3.5,78.1,95.5,80.3,90.5,6.4,7.5,75.1
STU1587,2.4,77.8,64.1,44.9,64.9,5.8,7.2,51.9
STU1588,5.8,76.2,82.1,63.7,75.8,5.8,10.0,73.7
STU1589,6.1,99.8,72.9,37.5,69.0,7.0,8.1,71.3
STU1590,1.2,96.8,80.1,63.0,75.9,6.9,10.0,64.9
STU1591,4.3,84.9,77.2,67.0,62.2,5.3,10.0,67.9
STU1592,4.6,85.6,93.8,75.9,98.2,5.1,9.2,86.0
STU1593,6.0,82.0,60.5,75.0,75.9,5.3,6.5,72.1
STU1594,5.8,79.2,65.9,64.9,68.2,5.9,9.7,67.9
STU1595,2.7,79.7,68.9,73.7,88.0,7.8,8.6,73.0
STU1596,3.7,82.8,85.8,69.9,71.1,4.8,10.0,72.8
STU1597,2.2,64.3,55.3,68.3,63.8,6.2,10.0,63.0
STU1598,6.0,82.5,49.4,44.7,53.3,6.0,7.6,60.7
STU1599,4.9,82.8,86.9,77.2,100.0,4.0,10.0,83.6
STU1600,8.6,68.4,89.8,64.5,71.2,4.4,10.0,77.5
STU1601,3.6,68.3,61.2,56.4,69.2,5.5,9.4,61.6
STU1602,4.0,83.3,75.9,84.6,97.2,5.3,10.0,82.4
STU1603,3.0,100.0,78.8,84.6,96.4,6.6,7.7,80.8
STU1604,1.6,89.8,80.4,64.8,80.6,6.5,9.3,68.7
STU1605,3.3,80.6,86.1,88.8,80.3,5.7,8.7,82.1
STU1606,4.3,82.0,77.1,45.4,60.1,6.6,8.0,65.5
STU1607,4.3,59.8,43.4,70.2,69.8,8.0,8.8,57.0
STU1608,0.5,81.6,54.3,50.0,52.5,8.7,8.0,50.1
STU1609,7.5,86.5,82.1,97.3,97.3,4.0,10.0,89.6
STU1610,4.2,85.0,81.0,70.8,91.0,6.8,10.0,75.8
STU1611,4.7,94.3,73.5,63.7,86.7,5.9,7.3,74.5
STU1612,7.7,71.5,90.4,64.4,67.8,5.6,5.1,75.6
STU1613,5.1,62.0,53.9,68.4,90.7,5.5,7.7,68.5
STU1614,6.2,91.1,98.7,86.7,100.0,5.9,10.0,84.5
STU1615,3.0,92.6,83.4,78.4,80.8,6.6,7.9,72.3
STU1616,0.7,68.2,93.1,66.9,89.9,6.2,6.1,71.2
STU1617,3.9,59.4,79.2,55.5,100.0,5.2,7.8,60.6
STU1618,4.6,80.6,85.2,68.5,68.0,5.6,9.0,75.3
STU1619,2.9,88.6,62.8,59.3,76.5,6.7,10.0,66.9
STU1620,3.6,88.7,50.4,62.5,46.9,6.9,8.8,62.3
STU1621,5.1,80.4,90.2,61.6,83.2,6.9,10.0,74.2
STU1622,5.8,89.4,93.7,99.0,100.0,5.3,9.1,85.6
STU1623,4.5,100.0,99.3,82.5,91.4,6.4,10.0,87.3
STU1624,6.2,73.8,79.5,84.0,87.6,6.8,10.0,85.6
STU1625,4.8,75.2,79.7,72.1,54.0,7.3,9.4,71.3
STU1626,1.6,77.9,85.7,70.7,73.9,6.6,7.4,65.6
STU1627,6.9,85.5,83.4,68.5,91.8,5.4,10.0,81.3
STU1628,4.4,77.5,81.4,62.1,71.9,6.3,9.3,67.5
STU1629,5.5,88.9,87.7,61.4,90.9,4.6,9.0,74.7
STU1630,4.3,48.2,51.6,45.5,44.8,5.9,6.6,51.2
STU1631,6.3,84.9,100.0,78.5,97.3,6.6,9.9,83.4
STU1632,6.1,85.4,73.2,69.6,73.2,6.5,9.7,71.2
STU1633,4.6,70.1,80.0,61.9,66.0,5.8,6.5,62.3
STU1634,2.5,76.5,55.3,67.4,61.9,6.7,7.9,55.4
STU1635,3.7,76.3,54.9,46.7,57.0,5.4,8.1,55.2
STU1636,3.2,83.7,96.6,77.6,90.5,7.1,9.7,83.3
STU1637,4.8,84.1,76.3,83.8,68.1,6.0,10.0,75.0
STU1638,3.3,65.1,81.0,60.9,62.2,6.0,8.6,58.2
STU1639,3.0,72.3,67.0,56.4,65.0,6.0,7.6,62.5
STU1640,4.0,85.8,59.1,60.0,63.2,6.1,9.1,68.3
STU1641,2.6,93.5,97.6,79.7,100.0,6.0,10.0,80.8
STU1642,3.3,74.9,70.4,58.0,66.0,7.1,9.1,61.0
STU1643,3.3,75.1,72.7,49.0,55.9,5.9,4.8,57.9
STU1644,4.6,87.3,77.1,75.9,67.5,7.8,8.5,77.9
STU1645,2.4,60.9,61.0,64.8,93.4,8.1,5.9,62.8
STU1646,4.4,76.8,59.8,28.2,54.8,5.1,8.6,46.7
STU1647,2.9,78.5,96.7,88.9,71.5,6.5,8.7,79.4
STU1648,6.0,84.7,82.5,71.2,87.8,5.1,8.6,81.3
STU1649,5.9,97.6,84.4,61.5,85.1,5.5,10.0,77.5
STU1650,5.0,80.1,100.0,83.6,98.8,8.2,10.0,84.6
STU1651,8.7,82.0,92.3,82.5,86.5,4.9,8.2,89.9
STU1652,2.1,77.6,76.5,86.1,71.1,7.0,8.5,73.0
STU1653,5.2,67.9,61.0,46.7,69.0,6.6,7.1,57.0
STU1654,8.6,100.0,100.0,100.0,99.4,4.2,8.9,98.8
STU1655,3.3,74.2,87.4,86.0,99.6,5.4,7.7,76.4
STU1656,7.0,76.8,73.2,63.2,64.9,4.3,8.5,72.4
STU1657,4.0,83.8,90.8,66.7,93.2,5.2,8.8,76.0
STU1658,5.2,71.8,79.8,60.6,77.7,4.0,6.6,67.8
STU1659,4.8,77.4,69.8,66.3,79.7,6.6,10.0,70.9
STU1660,3.7,81.6,82.6,63.9,81.0,8.5,8.3,71.0
STU1661,5.5,75.6,72.7,71.8,67.8,6.1,8.4,73.6
STU1662,5.9,80.9,86.3,81.7,88.6,4.3,9.5,84.4
STU1663,0.9,73.7,69.0,56.3,44.8,6.1,7.1,51.8
STU1664,6.2,63.3,74.1,41.2,60.9,5.3,8.5,62.5
STU1665,1.6,85.7,81.5,70.8,70.3,5.6,8.6,68.9
STU1666,6.1,97.1,80.6,70.7,63.9,6.7,7.9,73.0
STU1667,7.9,91.2,74.6,87.8,91.8,6.3,10.0,87.1
STU1668,0.5,68.2,45.4,39.9,55.3,5.6,8.7,44.3
STU1669,4.7,95.1,95.3,82.3,96.6,6.9,10.0,87.6
STU1670,3.6,77.4,86.0,99.1,95.9,8.0,10.0,84.2
STU1671,2.2,85.7,56.5,53.5,51.7,8.7,6.6,52.8
STU1672,3.6,81.9,63.1,62.5,78.2,9.4,6.3,71.7
STU1673,5.6,95.3,67.0,60.8,75.2,4.9,10.0,74.2
STU1674,5.6,66.6,50.7,54.1,73.5,9.0,10.0,60.0
STU1675,6.3,94.6,73.3,80.2,81.2,5.4,10.0,82.4
STU1676,2.5,82.7,63.3,56.9,67.4,5.8,7.6,60.6
STU1677,5.7,97.8,84.0,87.3,87.0,6.2,9.1,86.2
STU1678,2.3,89.8,83.2,74.1,80.5,5.9,8.3,73.1
STU1679,4.2,87.3,91.2,94.8,87.5,6.6,7.6,88.1
STU1680,6.9,97.7,100.0,98.8,85.8,4.2,9.8,94.3
STU1681,6.4,76.6,58.0,63.7,70.6,5.5,10.0,68.3
STU1682,1.8,60.2,82.9,65.7,80.5,8.1,7.7,68.9
STU1683,3.9,74.3,90.5,75.3,82.9,6.2,9.6,76.9
STU1684,3.4,72.9,61.5,31.6,62.5,6.5,9.8,52.8
STU1685,5.6,89.2,86.7,85.3,88.3,6.4,9.1,84.9
STU1686,2.8,80.0,71.3,69.1,71.2,7.7,10.0,67.0
STU1687,4.9,91.3,77.8,71.0,66.2,4.2,10.0,72.7
STU1688,4.3,67.7,97.4,69.3,66.9,6.8,8.9,69.7
STU1689,4.9,86.0,87.7,70.2,75.4,5.7,8.6,72.6
STU1690,5.2,62.6,81.0,61.9,78.9,6.1,9.1,66.8
STU1691,5.6,96.2,84.3,92.8,84.7,7.0,9.8,81.6
STU1692,2.7,74.6,55.7,55.0,64.7,5.1,6.1,53.7
STU1693,4.9,89.7,81.7,99.1,92.8,4.9,10.0,86.9
STU1694,4.9,77.4,94.2,80.7,90.4,4.0,10.0,82.5
STU1695,3.6,92.3,61.8,52.9,62.5,5.7,9.3,60.4
STU1696,4.3,93.9,71.4,71.8,91.5,7.6,7.7,68.2
STU1697,6.3,80.0,71.8,50.3,76.2,5.6,6.1,71.9
STU1698,6.3,86.3,78.1,55.1,72.8,4.3,10.0,74.5
STU1699,3.8,86.4,69.5,85.7,71.0,5.7,8.2,75.0
STU1700,5.3,72.1,71.5,72.5,86.3,4.3,7.7,79.9
STU1701,4.8,96.4,74.4,86.4,88.4,4.8,10.0,78.9
STU1702,6.0,93.4,65.8,64.8,49.5,6.2,9.8,72.9
STU1703,3.9,83.7,73.9,40.7,48.1,4.9,10.0,53.3
STU1704,2.9,65.7,53.9,49.1,59.6,7.6,5.7,53.1
STU1705,5.9,89.1,69.9,85.3,74.3,5.7,9.1,74.2
STU1706,0.5,62.0,60.1,45.6,59.8,7.0,8.5,49.3
STU1707,4.1,98.0,98.0,59.7,92.2,5.9,10.0,79.4
STU1708,0.5,73.8,58.0,46.7,71.9,7.8,9.3,53.1
STU1709,6.3,74.4,88.6,85.4,92.3,6.6,10.0,87.2
STU1710,7.8,72.2,83.2,73.6,91.6,5.8,10.0,82.7
STU1711,8.4,78.7,65.3,77.0,93.0,5.9,9.6,80.0
STU1712,5.2,75.9,79.5,71.6,88.5,5.7,9.9,74.8
STU1713,5.8,72.9,86.1,76.8,85.8,6.4,8.5,81.4
STU1714,1.2,85.5,72.0,82.8,60.5,6.4,9.1,64.8
STU1715,4.5,91.0,95.9,64.3,91.6,6.1,10.0,81.8
STU1716,3.2,80.8,68.3,76.7,91.0,6.1,10.0,78.1
STU1717,3.5,75.7,89.1,78.4,80.2,5.8,10.0,70.5
STU1718,3.9,89.8,76.8,52.7,90.3,5.5,8.8,73.7
STU1719,3.6,97.4,74.4,52.9,84.0,6.8,10.0,75.8
STU1720,1.2,79.3,78.1,64.9,86.0,8.2,5.8,67.0
STU1721,4.3,65.9,64.6,45.6,71.2,7.4,5.0,59.7
STU1722,1.4,78.6,77.0,64.8,69.6,5.3,8.8,67.1
STU1723,5.6,83.1,75.4,70.7,60.0,7.3,9.6,69.9
STU1724,8.4,81.7,76.1,62.3,73.8,5.0,10.0,76.1
STU1725,2.7,87.9,85.1,61.4,87.6,7.1,9.1,67.3
STU1726,0.5,64.0,70.2,82.5,72.5,5.9,9.3,66.0
STU1727,4.3,96.6,89.2,73.6,79.8,6.3,8.5,79.2
STU1728,6.0,79.5,91.0,62.6,62.4,6.1,9.3,73.4
STU1729,7.3,73.4,71.4,61.0,88.4,4.0,9.6,78.3
STU1730,2.5,82.3,84.6,86.2,99.4,7.2,10.0,78.4
STU1731,4.5,75.8,60.9,52.0,58.6,7.6,10.0,58.0
STU1732,4.0,68.0,88.1,88.6,86.2,6.0,9.2,85.7
STU1733,2.8,86.0,66.3,55.3,55.0,7.9,8.1,58.2
STU1734,10.2,88.6,95.1,78.5,94.7,4.8,7.7,90.1
STU1735,2.2,89.0,74.5,100.0,92.1,7.5,8.8,81.2
STU1736,5.2,92.6,66.1,60.9,87.4,4.0,9.2,69.9
STU1737,6.2,78.2,91.9,75.9,91.1,8.4,10.0,87.9
STU1738,8.0,96.5,75.3,73.1,100.0,7.0,9.8,84.1
STU1739,5.6,85.5,84.2,90.6,79.9,5.6,10.0,79.5
STU1740,3.4,79.0,72.4,70.2,45.8,4.2,7.4,60.6
STU1741,2.6,54.1,69.2,75.6,64.5,6.8,6.8,56.3
STU1742,4.4,77.3,91.4,77.2,58.6,4.5,8.7,70.2
STU1743,3.9,76.4,87.5,68.1,63.5,6.7,8.2,65.7
STU1744,6.1,89.2,77.9,71.2,73.1,6.2,8.9,77.5
STU1745,3.2,82.1,72.4,44.4,59.3,5.3,5.8,54.5
STU1746,5.3,76.4,80.2,94.3,74.2,7.2,8.6,83.0
STU1747,3.8,70.7,58.1,67.6,76.9,7.1,7.3,69.6
STU1748,6.0,77.3,66.8,58.5,66.5,6.9,7.6,68.6
STU1749,3.1,65.0,61.9,70.5,64.8,6.4,7.9,61.8
STU1750,0.5,84.5,50.1,50.1,76.6,5.3,9.3,56.0
STU1751,5.6,70.4,69.8,61.0,58.0,7.0,7.9,59.3
STU1752,2.0,48.5,67.0,58.3,65.8,6.3,8.7,56.1
STU1753,4.3,84.8,71.3,87.6,93.8,4.6,10.0,78.1
STU1754,2.6,66.4,73.6,59.8,49.5,8.0,7.3,59.3
STU1755,9.3,82.3,100.0,80.4,78.6,7.4,10.0,95.2
STU1756,1.1,73.2,81.6,75.8,87.0,6.7,9.6,72.6
STU1757,10.3,84.1,81.7,83.4,87.0,7.3,10.0,80.9
STU1758,5.6,89.5,78.4,61.1,90.5,6.0,10.0,74.9
STU1759,5.5,89.2,90.8,85.5,88.4,5.5,10.0,85.3
STU1760,3.9,72.8,76.6,52.7,79.2,5.5,7.4,65.2
STU1761,5.1,87.1,72.6,70.9,77.7,7.8,9.1,71.3
STU1762,7.7,93.0,100.0,88.7,100.0,4.6,10.0,94.9
STU1763,5.6,74.8,89.5,77.3,95.5,6.7,10.0,78.3
STU1764,6.5,77.9,83.4,81.8,68.8,5.1,10.0,75.4
STU1765,4.0,61.1,91.8,70.6,76.7,5.7,7.7,73.5
STU1766,4.1,78.1,73.3,81.6,100.0,7.3,6.9,75.1
STU1767,5.8,94.1,93.2,95.3,100.0,5.4,9.2,93.3
STU1768,3.6,77.3,67.1,66.7,89.2,5.8,8.7,65.8
STU1769,8.2,88.9,97.2,77.1,88.7,6.6,10.0,93.4
STU1770,6.2,77.3,69.6,77.0,85.2,7.5,7.7,74.2
STU1771,0.5,84.4,66.3,58.5,72.3,7.6,8.6,59.0
STU1772,6.2,73.3,74.9,72.5,62.1,5.0,10.0,72.7
STU1773,5.7,95.2,88.1,75.6,75.9,5.3,8.4,77.3
STU1774,5.0,76.2,92.6,65.4,72.1,6.1,10.0,73.8
STU1775,2.4,65.4,71.0,32.8,67.8,6.9,6.6,53.7
STU1776,5.9,63.7,52.9,55.4,78.9,4.7,9.7,67.5
STU1777,6.0,75.8,96.3,69.7,79.6,6.6,7.8,80.1
STU1778,3.0,90.8,79.5,54.4,83.8,6.5,7.6,67.3
STU1779,5.8,90.6,77.3,76.4,83.1,4.0,9.0,78.4
STU1780,2.9,92.4,80.1,92.7,95.4,5.4,9.3,90.2
STU1781,0.8,78.9,67.2,67.9,66.9,6.3,7.2,63.9
STU1782,3.7,73.8,74.8,91.9,85.6,6.2,8.7,75.2
STU1783,6.6,82.5,86.6,80.4,82.6,7.8,10.0,82.7
STU1784,6.7,77.9,79.1,88.4,92.9,5.9,9.0,83.8
STU1785,6.4,100.0,84.6,72.8,83.9,4.8,10.0,81.3
STU1786,6.6,75.6,80.4,71.3,95.5,5.9,6.9,75.3
STU1787,5.8,93.2,70.2,44.5,67.3,5.5,10.0,63.9
STU1788,3.3,90.1,78.4,82.3,68.8,6.7,9.0,79.4
STU1789,3.8,89.4,70.9,70.3,71.3,6.9,10.0,72.2
STU1790,6.3,80.7,87.9,68.2,81.0,7.1,7.9,69.1
STU1791,6.0,90.0,88.7,69.3,75.6,5.8,6.7,80.4
STU1792,6.9,100.0,85.5,64.4,88.9,7.4,10.0,84.8
STU1793,4.6,68.5,64.3,61.4,60.3,7.1,8.1,60.9
STU1794,4.2,60.9,77.8,71.6,67.5,5.4,5.9,69.0
STU1795,7.4,70.5,76.6,61.4,100.0,8.0,7.2,74.6
STU1796,4.4,88.5,70.1,74.1,94.2,6.5,10.0,75.7
STU1797,3.5,68.2,74.2,73.8,100.0,5.4,10.0,80.1
STU1798,4.2,78.6,88.3,71.5,76.1,8.0,5.1,71.4
STU1799,3.2,86.3,86.3,75.3,91.9,8.6,8.4,71.2
STU1800,4.1,89.4,89.7,77.3,78.1,6.1,10.0,77.6
STU1801,3.8,82.9,83.8,63.7,64.1,5.7,7.9,67.2
STU1802,3.2,84.7,70.4,68.6,55.6,6.2,8.4,68.0
STU1803,3.5,91.4,77.5,76.1,92.2,7.1,8.4,77.0
STU1804,0.7,70.3,71.2,70.3,66.2,8.3,6.6,59.3
STU1805,4.6,73.7,84.0,69.3,74.5,6.7,5.9,74.2
STU1806,4.7,76.0,79.4,58.2,69.5,6.2,10.0,68.1
STU1807,2.6,87.0,70.0,61.0,80.0,8.1,6.0,63.1
STU1808,6.8,98.1,94.7,92.4,88.8,5.3,10.0,94.6
STU1809,5.4,80.9,80.5,61.5,56.6,7.1,9.5,68.2
STU1810,1.4,92.1,68.7,75.4,82.1,6.4,6.9,69.1
STU1811,2.7,68.2,73.3,85.0,62.7,6.9,6.8,68.3
STU1812,4.4,100.0,79.8,95.9,86.3,6.0,10.0,81.7
STU1813,3.0,97.7,56.4,73.0,59.6,6.3,10.0,64.0
STU1814,6.9,95.2,90.1,74.7,73.7,5.2,9.3,81.0
STU1815,2.8,90.0,71.6,27.1,61.2,7.9,9.8,53.1
STU1816,4.3,67.9,82.8,70.8,61.2,5.3,10.0,72.7
STU1817,1.7,82.4,65.5,75.3,72.0,5.8,10.0,67.5
STU1818,5.7,75.5,77.0,75.1,79.9,8.2,7.5,77.9
STU1819,3.2,95.2,65.6,79.0,83.5,7.4,9.6,74.3
STU1820,4.1,68.9,86.7,61.3,92.7,4.0,8.6,76.0
STU1821,6.3,97.7,80.8,64.5,100.0,5.1,10.0,83.0
STU1822,9.0,100.0,100.0,82.6,91.3,4.0,10.0,92.3
STU1823,1.8,86.4,82.2,71.6,81.2,5.6,6.5,69.9
STU1824,0.5,82.0,64.0,84.4,84.4,4.0,6.4,65.6
STU1825,6.1,81.3,80.6,83.5,86.9,5.6,10.0,83.8
STU1826,9.2,83.4,97.4,89.4,79.9,4.0,9.5,89.2
STU1827,6.3,90.7,68.5,75.2,74.7,5.8,7.9,73.8
STU1828,4.5,86.9,76.4,56.9,71.2,4.3,6.1,70.1
STU1829,3.4,79.9,71.3,71.2,71.9,6.4,8.7,64.5
STU1830,4.7,70.0,52.6,48.4,68.3,5.6,7.4,56.5
STU1831,1.9,57.2,49.6,70.3,63.2,8.3,8.5,60.5
STU1832,4.5,65.8,73.1,61.6,57.2,7.7,7.8,63.4
STU1833,4.7,95.6,67.9,65.6,72.4,6.9,8.6,70.1
STU1834,6.4,69.6,74.9,61.0,80.7,5.4,10.0,72.9
STU1835,9.7,85.2,90.8,80.1,70.2,7.2,7.3,83.4
STU1836,6.6,100.0,100.0,100.0,100.0,4.0,10.0,91.7
STU1837,2.7,64.1,67.2,48.9,49.1,4.9,5.1,50.5
STU1838,5.3,89.7,83.6,76.1,82.0,5.8,8.7,83.8
STU1839,1.1,89.6,78.8,70.4,74.2,9.3,7.2,64.9
STU1840,3.2,81.8,65.0,78.2,72.9,6.1,10.0,69.1
STU1841,4.4,100.0,85.6,70.6,78.7,5.9,9.9,75.2
STU1842,2.5,59.4,73.5,27.6,81.3,4.9,7.4,53.2
STU1843,5.1,94.4,88.1,88.8,76.1,7.0,8.0,80.1
STU1844,3.2,81.4,61.4,80.0,100.0,7.4,8.6,76.9
STU1845,7.0,92.3,77.4,55.8,84.9,6.5,8.5,75.7
STU1846,4.8,87.9,73.1,66.2,81.3,5.3,9.9,75.6
STU1847,6.7,89.8,99.7,100.0,100.0,4.9,9.7,92.0
STU1848,3.3,80.3,77.2,79.5,99.8,4.9,10.0,77.5
STU1849,4.3,61.2,87.9,75.0,64.8,6.2,5.4,68.2
STU1850,5.4,84.0,70.2,61.8,60.8,4.7,7.3,67.7
STU1851,2.4,81.5,68.3,65.4,65.5,5.2,10.0,61.4
STU1852,2.7,84.2,82.7,62.2,72.2,6.0,7.9,69.9
STU1853,5.0,99.2,90.6,94.3,75.0,5.5,8.5,88.2
STU1854,3.4,94.0,99.8,74.6,91.5,5.7,10.0,78.0
STU1855,2.5,80.0,75.3,55.4,88.4,7.0,7.7,64.7
STU1856,2.9,68.6,60.7,72.8,73.4,6.5,6.6,62.7
STU1857,6.5,78.1,71.7,74.2,80.2,5.4,7.6,84.0
STU1858,4.5,90.0,60.5,79.6,69.1,6.3,10.0,70.6
STU1859,5.4,99.4,90.0,68.9,92.7,4.8,9.6,87.0
STU1860,6.2,81.0,92.2,71.4,72.2,5.9,6.2,72.0
STU1861,2.9,73.3,82.6,44.7,80.3,6.6,9.7,60.1
STU1862,6.6,82.7,99.5,85.6,100.0,4.0,10.0,87.9
STU1863,5.9,100.0,100.0,71.7,96.6,6.9,9.8,83.4
STU1864,4.4,84.6,68.7,58.5,71.5,5.2,7.1,64.8
STU1865,3.1,98.1,64.2,50.3,82.6,6.5,10.0,63.3
STU1866,0.5,75.4,85.2,80.5,93.5,8.2,8.6,70.7
STU1867,4.6,80.4,84.9,81.2,75.0,7.1,6.3,79.4
STU1868,7.7,88.2,87.1,57.6,77.0,5.5,10.0,80.7
STU1869,8.0,100.0,100.0,100.0,86.9,5.0,10.0,99.0
STU1870,6.1,78.9,81.5,95.7,84.9,6.8,10.0,87.0
STU1871,6.0,68.9,85.4,62.5,77.3,6.5,9.8,73.2
STU1872,3.4,82.1,79.0,49.2,50.2,5.6,6.4,56.3
STU1873,4.2,84.5,77.8,93.8,71.3,5.3,10.0,75.6
STU1874,3.4,73.1,85.1,55.2,62.5,4.0,7.7,64.1
STU1875,5.5,100.0,97.5,88.2,87.5,6.1,8.1,83.5
STU1876,5.1,90.0,71.0,66.8,79.1,5.9,8.1,69.2
STU1877,6.9,84.6,89.0,87.0,75.6,6.9,9.8,87.6
STU1878,4.2,82.7,65.7,73.8,75.9,6.6,8.3,76.7
STU1879,4.8,94.4,97.2,76.4,73.3,7.5,9.8,80.7
STU1880,6.8,89.0,88.6,84.8,100.0,4.9,10.0,92.5
STU1881,5.1,79.1,77.7,60.9,72.2,7.2,8.6,68.4
STU1882,1.5,58.6,64.9,54.0,64.7,6.1,6.6,49.9
STU1883,1.3,96.6,88.9,81.0,87.1,7.6,10.0,79.1
STU1884,4.1,71.3,83.1,70.6,86.2,4.6,9.5,75.8
STU1885,4.0,100.0,77.7,72.0,86.3,6.5,7.2,76.1
STU1886,4.1,82.4,86.4,89.6,71.6,4.0,10.0,77.9
STU1887,3.9,77.8,70.2,60.9,92.1,5.9,9.1,73.5
STU1888,4.2,79.6,90.7,62.0,76.0,6.6,9.4,68.5
STU1889,8.1,85.9,89.8,79.2,88.3,4.8,10.0,84.0
STU1890,5.8,100.0,89.4,79.0,96.9,4.7,9.1,82.8
STU1891,5.5,61.4,74.6,55.9,100.0,6.8,9.3,72.4
STU1892,6.6,100.0,83.0,84.3,77.3,5.6,8.0,79.5
STU1893,3.5,92.2,82.4,70.2,93.0,5.8,10.0,74.8
STU1894,7.6,78.8,99.2,100.0,87.7,5.5,10.0,90.5
STU1895,4.9,75.7,98.9,82.3,80.5,8.9,7.8,79.4
STU1896,5.6,96.9,71.0,63.9,69.0,7.1,8.1,66.2
STU1897,2.7,73.9,88.0,63.3,67.5,7.7,7.8,66.3
STU1898,2.8,78.3,66.8,80.9,90.0,6.9,10.0,78.0
STU1899,5.2,87.9,62.3,68.6,56.6,6.1,6.9,66.3
STU1900,5.5,87.4,73.5,73.4,91.6,4.0,10.0,83.6
STU1901,2.5,70.7,61.9,63.7,74.8,5.8,9.6,67.3
STU1902,3.0,84.2,63.4,70.9,83.1,5.9,9.9,72.3
STU1903,7.7,79.9,94.5,76.1,85.6,4.0,7.3,83.7
STU1904,2.5,93.6,76.5,68.1,76.2,5.2,10.0,70.3
STU1905,7.5,92.4,84.8,47.5,78.4,4.0,10.0,76.3
STU1906,1.7,78.9,72.4,67.1,54.9,6.6,9.0,59.8
STU1907,6.3,89.9,88.0,80.7,82.9,6.6,10.0,77.1
STU1908,4.5,100.0,89.4,67.9,75.1,7.3,10.0,77.8
STU1909,7.5,95.0,96.6,100.0,92.5,6.0,10.0,91.5
STU1910,3.2,68.9,64.6,67.9,54.5,5.3,10.0,58.3
STU1911,4.4,87.6,89.7,60.8,92.4,4.0,7.9,75.4
STU1912,4.8,100.0,75.4,81.9,75.5,4.1,10.0,78.1
STU1913,4.1,81.8,81.7,90.2,100.0,4.8,10.0,79.6
STU1914,5.7,78.0,77.2,73.4,88.9,4.9,8.6,77.9
STU1915,3.8,87.6,71.9,68.1,67.7,6.1,7.0,70.7
STU1916,4.6,85.1,79.5,81.0,74.4,5.0,9.1,72.6
STU1917,2.9,73.8,81.8,69.0,100.0,6.8,7.4,78.0
STU1918,0.5,90.0,75.2,71.7,92.5,6.6,8.1,65.2
STU1919,4.3,100.0,71.8,51.0,77.0,6.2,8.0,74.0
STU1920,9.8,90.3,86.5,76.0,91.1,6.3,9.4,85.6
STU1921,5.0,67.3,81.0,78.7,64.8,4.7,7.1,71.8
STU1922,4.6,68.1,84.1,62.9,82.9,6.5,8.8,65.2
STU1923,3.4,80.3,91.1,56.4,63.3,6.3,5.9,64.5
STU1924,5.6,99.7,99.1,77.0,69.4,5.5,8.3,81.2
STU1925,4.1,77.4,77.2,41.4,48.0,7.2,8.1,55.7
STU1926,1.9,78.6,59.8,40.1,69.5,7.6,7.2,51.6
STU1927,6.8,78.7,90.1,71.2,70.6,4.6,10.0,74.4
STU1928,7.2,81.0,92.0,87.1,93.7,5.4,10.0,92.2
STU1929,5.7,89.5,74.1,68.8,67.0,6.2,10.0,72.7
STU1930,4.8,87.3,76.2,62.9,64.9,5.7,10.0,74.0
STU1931,6.2,78.6,100.0,89.3,100.0,6.4,9.9,88.4
STU1932,4.4,88.4,72.2,66.8,68.2,6.4,7.1,67.1
STU1933,3.6,74.3,53.5,45.9,56.1,8.3,8.3,56.3
STU1934,4.3,97.9,88.4,68.1,90.7,4.5,10.0,73.7
STU1935,3.0,66.2,67.9,61.9,77.8,6.3,7.8,59.9
STU1936,3.8,62.9,72.3,66.2,83.7,5.2,9.7,72.3
STU1937,7.9,84.8,83.9,92.6,83.3,6.1,9.3,84.0
STU1938,2.5,88.2,76.9,65.5,75.6,4.7,9.4,62.6
STU1939,1.4,95.7,78.8,65.4,60.0,7.1,9.0,70.3
STU1940,3.6,81.0,58.9,60.9,62.0,5.6,6.5,56.1
STU1941,5.4,84.9,100.0,67.8,95.2,5.1,9.9,82.7
STU1942,5.4,76.2,67.8,76.7,98.0,4.3,10.0,78.8
STU1943,4.8,93.1,72.7,52.9,84.7,5.5,9.9,61.4
STU1944,5.8,83.9,96.8,69.0,76.1,7.0,10.0,77.4
STU1945,6.2,91.0,77.2,63.3,79.2,5.7,8.1,75.8
STU1946,0.5,70.1,63.1,50.5,44.2,7.6,7.9,49.7
STU1947,2.4,93.0,71.2,65.3,80.9,8.4,9.9,72.1
STU1948,4.3,88.2,81.8,69.3,74.3,6.4,10.0,72.1
STU1949,1.8,82.2,76.2,61.7,86.3,6.0,8.7,69.7
STU1950,4.0,75.6,88.9,67.1,62.7,6.7,9.1,66.8
STU1951,7.8,80.9,91.4,60.0,91.7,4.8,9.9,76.3
STU1952,3.4,78.6,76.2,72.8,53.6,5.8,6.3,60.6
STU1953,6.2,91.4,82.1,69.5,84.0,4.1,10.0,74.3
STU1954,2.2,75.9,75.4,67.0,67.4,7.6,5.5,66.6
STU1955,4.4,87.1,84.2,69.7,70.4,5.7,10.0,68.2
STU1956,4.1,84.8,71.8,79.7,83.8,6.4,10.0,76.9
STU1957,4.3,64.5,85.1,70.9,100.0,5.0,9.9,76.3
STU1958,7.3,89.8,80.3,70.0,100.0,6.0,9.1,83.2
STU1959,5.9,75.4,89.0,83.9,85.4,5.0,9.6,86.7
STU1960,3.1,74.9,72.7,76.8,96.1,6.2,10.0,73.8
STU1961,6.1,73.9,100.0,89.0,95.0,6.7,10.0,90.2
STU1962,5.6,66.1,72.9,61.2,83.8,6.7,8.6,70.4
STU1963,7.2,73.4,88.1,61.6,79.8,5.5,9.5,75.5
STU1964,7.3,74.7,87.3,70.3,79.7,4.0,10.0,86.3
STU1965,4.0,100.0,83.9,80.9,97.8,9.5,8.4,78.0
STU1966,2.4,72.9,79.5,70.1,67.0,8.4,7.7,69.9
STU1967,3.9,94.5,80.6,87.1,95.6,7.0,10.0,85.4
STU1968,4.0,85.6,91.0,71.9,77.9,5.4,10.0,74.2
STU1969,4.1,74.7,67.7,37.8,69.8,6.1,8.2,62.9
STU1970,6.4,82.0,75.7,92.1,72.2,5.1,6.8,74.0
STU1971,3.8,66.6,70.2,61.4,70.9,7.6,7.9,62.2
STU1972,4.7,100.0,92.3,86.1,100.0,6.3,9.3,83.8
STU1973,4.2,95.3,68.2,54.3,82.2,5.3,9.3,69.8
STU1974,2.6,63.3,67.0,68.9,88.0,6.0,6.8,63.0
STU1975,6.6,60.9,64.1,36.8,57.7,6.9,5.3,56.6
STU1976,1.2,76.6,62.0,70.4,77.9,8.5,5.3,62.1
STU1977,2.7,58.3,75.4,41.8,63.7,8.1,8.1,53.1
STU1978,6.7,77.3,63.4,54.5,78.3,6.5,7.0,69.0
STU1979,5.2,79.6,92.3,85.3,67.7,5.7,9.7,78.0
STU1980,4.9,100.0,86.7,64.3,71.2,4.0,10.0,70.9
STU1981,4.2,95.9,72.7,66.7,94.7,6.5,8.1,84.4
STU1982,3.3,78.2,70.3,65.4,66.8,6.3,6.2,62.6
STU1983,6.9,91.5,87.2,92.6,74.8,5.8,7.7,77.9
STU1984,0.5,92.5,73.7,68.4,65.7,7.0,8.2,60.7
STU1985,6.2,69.7,82.0,64.9,62.3,4.3,8.2,65.4
STU1986,3.3,83.3,98.1,83.9,79.3,7.0,9.0,81.8
STU1987,4.8,88.0,93.7,100.0,100.0,6.7,10.0,92.1
STU1988,3.5,88.9,72.0,48.6,73.2,7.1,10.0,65.2
STU1989,5.6,83.5,70.0,71.3,78.3,6.9,10.0,73.0
STU1990,1.8,68.3,72.5,54.2,83.8,7.3,8.5,61.3
STU1991,3.5,62.1,64.3,22.0,63.6,5.8,9.0,47.6
STU1992,7.9,79.8,84.4,70.8,86.0,5.3,8.4,80.7
STU1993,1.4,77.2,51.5,64.7,82.6,6.8,8.2,64.3
STU1994,3.9,94.7,70.5,56.9,61.7,6.3,8.8,65.5
STU1995,3.1,67.1,76.8,66.0,72.5,7.5,9.3,67.9
STU1996,6.9,97.6,91.5,100.0,100.0,6.3,10.0,96.8
STU1997,5.1,100.0,95.5,73.6,79.2,8.3,9.3,83.4
STU1998,2.8,100.0,76.8,69.9,73.6,8.9,8.2,71.7
STU1999,5.9,81.6,95.8,68.6,87.1,5.9,10.0,81.4
STU2000,9.0,95.1,90.8,87.2,100.0,4.0,10.0,97.2
STU2001,5.0,93.0,94.4,76.6,69.6,7.4,9.4,76.1
STU2002,5.8,84.2,94.8,66.1,85.6,5.2,6.7,75.1
STU2003,1.6,77.2,83.2,83.5,72.7,5.8,8.0,67.2
STU2004,3.4,90.3,73.1,89.9,94.5,5.9,10.0,81.8
STU2005,5.7,60.3,80.2,75.4,90.4,5.4,10.0,71.4
STU2006,8.0,93.9,85.0,53.6,99.7,6.1,8.2,82.1
STU2007,5.7,87.0,88.7,72.4,97.8,4.1,9.0,82.0
STU2008,4.9,86.2,93.0,100.0,100.0,4.8,9.3,94.3
STU2009,4.0,98.2,66.6,62.1,87.2,6.6,10.0,69.8
STU2010,3.4,83.5,88.2,95.3,96.4,7.0,10.0,84.5
STU2011,5.8,79.4,62.9,87.8,83.2,6.5,7.7,81.4
STU2012,8.0,100.0,100.0,93.2,100.0,4.5,10.0,100.0
STU2013,3.1,70.0,67.7,53.8,77.5,5.3,7.4,59.5
STU2014,5.2,87.2,92.7,60.6,88.8,5.4,8.7,77.2
STU2015,5.2,81.8,77.9,79.5,85.7,6.2,7.8,78.9
STU2016,3.1,86.1,82.9,54.5,70.3,8.0,10.0,67.2
STU2017,3.9,81.1,49.0,67.1,65.4,4.0,9.1,62.1
STU2018,8.0,67.8,78.8,53.0,86.1,5.2,8.4,77.4
STU2019,4.4,79.5,80.7,71.3,82.9,4.7,8.8,68.2
STU2020,4.3,79.4,78.3,75.6,100.0,4.3,9.7,77.7
STU2021,2.8,77.8,88.5,67.2,56.9,7.5,8.8,67.4
STU2022,5.8,85.9,71.5,57.5,70.9,6.4,9.5,70.6
STU2023,6.1,98.8,100.0,100.0,100.0,6.3,10.0,99.9
STU2024,4.9,75.5,95.1,80.7,100.0,7.0,10.0,88.1
STU2025,7.3,94.7,95.5,55.9,84.1,5.0,9.7,78.5
STU2026,7.1,84.6,75.0,69.2,81.8,5.1,7.6,81.0
STU2027,3.5,95.9,72.1,71.6,68.5,8.7,8.6,67.8
STU2028,1.7,89.9,90.8,77.9,73.3,6.4,6.7,75.0
STU2029,5.4,86.3,75.5,74.8,73.8,6.7,10.0,81.1
STU2030,3.0,84.9,61.6,64.8,61.9,6.4,10.0,67.0
STU2031,4.4,84.8,61.2,52.0,56.3,4.1,6.5,59.2
STU2032,1.3,89.4,82.5,61.9,85.7,4.5,9.1,67.7
STU2033,6.7,85.0,92.8,85.5,76.5,5.0,8.6,78.7
STU2034,1.9,100.0,66.8,67.2,90.0,7.8,10.0,72.0
STU2035,7.2,99.9,66.3,81.1,100.0,6.4,8.6,81.6
STU2036,3.4,80.1,73.2,36.8,47.4,7.3,8.1,50.4
STU2037,1.5,61.1,54.2,71.2,56.9,5.6,7.0,52.4
STU2038,4.0,71.1,61.7,58.7,55.9,8.0,10.0,58.5
STU2039,6.7,91.1,62.7,74.0,80.2,4.6,9.9,76.7
STU2040,6.2,93.5,99.9,90.8,100.0,6.0,8.0,92.4
STU2041,5.1,73.4,76.8,52.2,67.8,6.0,8.0,62.6
STU2042,9.0,89.8,88.3,64.4,91.4,5.0,8.6,86.4
STU2043,1.6,96.9,88.5,46.3,59.4,8.2,9.5,60.2
STU2044,7.3,87.6,85.3,76.2,85.9,4.8,10.0,80.8
STU2045,5.5,76.5,100.0,72.8,80.9,4.4,6.9,79.1
STU2046,3.5,84.9,70.2,100.0,88.7,6.3,8.4,87.6
STU2047,0.7,64.9,63.4,43.3,60.2,6.4,6.4,50.2
STU2048,5.5,87.2,75.9,74.6,79.0,9.6,9.7,75.4
STU2049,7.4,86.4,89.2,77.6,79.8,6.3,10.0,78.2
STU2050,3.7,73.7,71.0,66.4,82.3,5.8,8.0,68.1
STU2051,7.6,72.5,89.7,68.8,85.7,4.3,9.6,81.1
STU2052,2.3,83.8,81.0,81.7,95.0,4.5,8.5,75.9
STU2053,4.7,78.2,86.3,61.8,82.7,4.9,9.4,67.6
STU2054,1.8,50.9,78.6,49.3,72.1,6.8,8.8,54.6
STU2055,4.6,97.5,93.0,43.5,51.6,7.7,7.8,68.0
STU2056,6.1,92.2,76.9,45.3,71.9,7.0,10.0,72.7
STU2057,4.8,85.5,79.2,76.0,89.1,6.3,10.0,75.8
STU2058,0.5,85.4,81.7,72.1,100.0,6.5,10.0,75.5
STU2059,4.5,68.6,68.6,59.3,80.6,6.4,8.0,62.7
STU2060,6.0,100.0,98.9,91.4,100.0,5.2,10.0,97.3
STU2061,2.7,82.9,53.2,55.0,58.0,8.4,6.6,56.5
STU2062,7.8,90.4,84.8,77.8,82.3,5.2,10.0,87.1
STU2063,1.0,81.3,58.5,32.9,59.3,6.7,7.9,42.5
STU2064,5.4,81.5,83.1,60.1,76.3,4.0,9.5,74.2
STU2065,5.6,62.6,69.7,52.2,56.9,5.7,5.6,59.4
STU2066,0.5,70.3,59.9,49.8,60.6,7.8,9.7,54.9
STU2067,6.1,90.2,100.0,73.9,86.9,4.6,7.3,85.7
STU2068,3.2,74.9,66.3,58.1,88.8,5.5,7.3,66.1
STU2069,4.7,82.0,81.7,69.2,60.5,6.9,9.1,67.9
STU2070,5.1,80.9,84.6,62.5,89.0,4.4,9.5,77.7
STU2071,4.1,84.1,67.2,77.1,74.3,7.3,10.0,72.0
STU2072,3.4,83.0,82.6,74.7,66.1,5.7,6.3,66.9
STU2073,3.4,64.2,58.6,47.2,76.0,5.9,6.6,54.3
STU2074,3.4,81.2,92.6,93.9,97.9,5.1,6.5,79.4
STU2075,2.1,66.8,64.3,54.3,84.5,7.0,8.2,59.5
STU2076,4.3,81.9,73.0,36.6,68.3,8.8,8.1,62.6
STU2077,2.0,59.4,83.3,69.9,95.4,7.5,10.0,71.8
STU2078,7.1,100.0,99.7,76.0,97.7,4.6,10.0,87.9
STU2079,6.1,100.0,88.5,82.0,86.0,7.0,10.0,87.8
STU2080,1.1,77.0,71.2,40.1,74.5,6.4,9.4,53.3
STU2081,3.0,55.2,69.6,81.8,89.7,7.9,7.2,71.4
STU2082,6.4,76.6,90.9,74.2,68.6,6.6,6.4,75.1
STU2083,4.6,93.9,88.0,74.3,90.3,4.0,10.0,83.1
STU2084,4.0,74.7,71.7,57.6,76.8,5.1,6.8,60.1
STU2085,5.7,79.7,88.8,92.7,64.5,6.9,10.0,77.9
STU2086,6.8,100.0,81.0,72.2,89.0,5.8,10.0,77.5
STU2087,4.3,89.7,71.7,63.2,60.6,5.0,10.0,66.0
STU2088,3.2,71.7,62.6,42.5,72.7,5.7,7.7,60.7
STU2089,6.9,65.6,74.7,64.2,84.6,4.0,8.7,72.1
STU2090,7.6,78.5,79.8,66.8,72.6,5.4,9.1,74.0
STU2091,6.2,79.7,81.9,77.5,96.1,8.2,8.8,84.9
STU2092,5.3,91.1,93.3,61.9,68.9,6.8,9.2,77.0
STU2093,3.1,77.2,82.6,53.8,88.4,8.8,9.4,68.2
STU2094,3.7,91.3,81.7,82.3,93.3,7.2,8.4,82.3
STU2095,5.4,99.9,76.9,80.3,62.2,7.1,7.6,71.8
STU2096,5.3,90.2,84.4,53.5,100.0,8.1,10.0,81.0
STU2097,5.2,69.6,75.6,61.9,59.7,6.4,8.1,72.1
STU2098,6.5,85.8,88.2,79.6,79.0,5.5,9.9,83.5
STU2099,2.1,80.7,75.1,85.5,69.7,7.7,10.0,64.9
STU2100,7.3,99.2,79.4,79.2,86.2,7.1,9.9,82.8
STU2101,0.5,58.7,40.7,20.0,45.1,6.4,7.9,36.2
STU2102,5.7,95.0,100.0,89.2,100.0,5.1,10.0,89.9
STU2103,4.8,81.6,83.0,80.3,75.9,6.2,7.3,80.2
STU2104,9.1,83.9,95.8,71.3,94.4,6.1,10.0,88.9
STU2105,9.2,62.7,73.4,55.3,63.6,6.0,9.0,66.2
STU2106,6.1,88.7,97.1,74.2,65.0,4.2,9.5,78.3
STU2107,3.2,75.1,65.3,27.6,61.7,8.5,9.0,48.5
STU2108,4.9,83.0,82.8,82.1,51.3,5.3,7.9,71.2
STU2109,7.8,88.4,95.2,79.2,99.7,5.1,10.0,88.1
STU2110,3.8,92.5,71.1,73.7,67.6,5.2,5.5,72.9
STU2111,7.9,75.0,88.3,71.2,82.2,8.4,7.4,86.7
STU2112,5.7,100.0,89.8,92.5,100.0,6.1,10.0,86.5
STU2113,5.8,68.4,86.6,79.4,74.6,4.9,8.6,70.6
STU2114,5.8,87.0,81.5,68.9,90.2,6.8,9.5,77.9
STU2115,5.6,88.7,81.9,63.8,76.3,6.7,7.4,68.4
STU2116,8.2,88.9,100.0,100.0,100.0,5.2,10.0,97.7
STU2117,3.3,85.7,87.9,48.8,71.2,7.3,10.0,68.1
STU2118,3.7,95.4,86.0,79.1,73.2,5.4,9.2,81.1
STU2119,3.5,67.2,86.7,68.4,94.1,5.8,8.7,74.6
STU2120,6.3,93.4,97.4,94.8,87.3,4.0,10.0,89.8
STU2121,7.0,65.4,94.2,83.6,82.2,4.1,10.0,76.8
STU2122,5.9,76.7,84.7,83.5,81.2,7.8,10.0,80.9
STU2123,6.5,90.6,68.9,59.5,66.8,7.5,10.0,70.4
STU2124,6.0,86.3,91.3,67.1,100.0,5.9,9.0,84.2
STU2125,4.7,64.0,41.6,49.1,46.3,7.9,6.3,47.9
STU2126,2.8,81.9,81.4,80.4,82.9,6.3,7.4,72.9
STU2127,3.1,97.1,67.4,64.3,77.5,6.1,9.5,64.2
STU2128,5.7,64.2,93.4,82.3,81.7,5.9,8.6,72.4
STU2129,6.3,74.0,82.7,77.7,95.5,5.6,8.8,78.1
STU2130,4.3,98.2,70.1,62.6,79.4,5.9,10.0,66.5
STU2131,4.8,100.0,81.6,65.5,79.6,7.3,10.0,76.6
STU2132,3.2,90.7,80.2,87.3,100.0,6.5,8.2,80.3
STU2133,4.3,73.0,86.1,49.1,80.2,6.9,8.2,65.1
STU2134,5.9,100.0,80.5,86.0,74.9,7.0,10.0,79.1
STU2135,6.4,100.0,96.0,84.5,94.0,6.1,9.6,79.0
STU2136,6.5,95.6,82.0,95.4,85.9,4.6,9.1,92.6
STU2137,3.5,66.9,68.9,40.3,57.5,4.8,9.1,51.2
STU2138,5.1,85.1,71.3,89.7,81.3,6.1,7.6,77.7
STU2139,3.9,84.7,89.7,100.0,100.0,6.0,9.1,83.5
STU2140,5.5,83.4,81.8,52.5,41.1,6.0,9.3,65.2
STU2141,6.5,100.0,95.0,92.2,97.5,5.7,9.7,92.9
STU2142,5.3,89.5,78.1,68.5,77.3,8.8,10.0,72.2
STU2143,3.7,72.5,82.6,54.3,60.4,4.8,7.9,61.0
STU2144,0.5,94.0,88.5,73.7,80.7,4.7,10.0,77.2
STU2145,6.5,85.1,77.8,79.3,84.8,6.1,8.9,80.4
STU2146,2.7,81.9,70.2,52.4,72.4,6.0,9.1,61.5
STU2147,1.7,87.3,55.8,68.4,39.5,7.0,9.1,53.1
STU2148,7.2,81.0,84.9,67.6,100.0,6.2,9.3,76.5
STU2149,3.0,76.6,71.9,45.1,60.2,7.8,5.0,55.2
STU2150,5.5,71.0,81.9,61.6,75.7,4.2,8.4,71.6
STU2151,3.7,54.2,59.5,48.7,64.4,5.6,6.5,58.0
STU2152,5.2,81.5,72.2,55.7,62.2,6.4,9.3,58.0
STU2153,0.9,97.9,62.1,65.7,73.2,7.7,8.0,59.8
STU2154,8.2,74.4,89.1,92.3,91.9,7.8,9.4,87.7
STU2155,5.9,87.8,89.9,89.5,69.3,6.9,10.0,82.2
STU2156,3.2,84.0,58.9,61.8,83.1,6.3,6.3,64.7
STU2157,6.8,96.7,100.0,99.2,94.3,4.7,10.0,94.6
STU2158,2.2,86.8,78.1,74.9,79.0,5.9,9.0,72.7
STU2159,4.9,67.7,83.0,89.3,74.6,5.4,7.8,74.3
STU2160,0.5,69.2,45.2,36.1,54.9,7.6,6.1,45.6
STU2161,4.1,88.6,100.0,100.0,100.0,6.5,9.8,92.5
STU2162,0.5,52.9,71.0,56.5,70.1,5.4,7.8,54.4
STU2163,5.0,83.5,70.1,38.4,46.4,5.5,9.8,61.4
STU2164,4.3,97.2,77.2,95.3,83.6,7.1,10.0,88.4
STU2165,9.5,97.1,100.0,95.8,100.0,5.5,10.0,100.0
STU2166,4.8,92.5,78.6,93.2,100.0,6.7,8.9,76.8
STU2167,1.9,95.6,78.5,89.1,85.0,7.0,10.0,83.1
STU2168,3.0,87.7,91.1,79.7,95.9,8.2,10.0,83.3
STU2169,7.5,95.7,94.6,72.0,86.4,5.8,9.5,91.3
STU2170,4.9,83.7,84.7,88.3,82.9,5.6,9.1,85.5
STU2171,3.8,96.2,71.4,72.8,78.8,5.2,8.8,78.2
STU2172,4.9,85.7,85.5,78.6,79.0,6.3,8.4,80.6
STU2173,5.3,83.5,78.9,45.7,80.4,4.0,4.8,70.3
STU2174,5.8,65.4,53.1,67.4,85.4,5.6,8.5,75.5
STU2175,6.9,83.0,85.5,60.2,78.2,5.4,7.5,75.3
STU2176,2.3,63.9,63.9,71.3,76.2,5.0,4.6,57.8
STU2177,2.0,75.3,86.7,75.9,68.9,5.6,9.8,68.7
STU2178,2.9,68.3,60.0,62.8,64.9,7.3,6.1,60.4
STU2179,4.0,65.2,41.3,64.3,61.0,6.5,7.1,57.4
STU2180,2.9,100.0,81.2,60.8,81.8,6.5,10.0,67.5
STU2181,4.0,100.0,91.3,100.0,91.2,6.5,8.5,83.1
STU2182,5.9,100.0,71.4,100.0,98.1,5.9,7.9,86.7
STU2183,3.0,61.0,56.8,58.6,54.1,7.8,7.5,57.4
STU2184,3.7,76.7,95.3,77.6,71.7,6.4,9.7,80.3
STU2185,4.0,75.4,82.5,73.1,93.8,4.6,7.2,78.7
STU2186,3.2,69.5,76.8,51.4,46.7,8.2,8.4,59.7
STU2187,2.6,71.9,69.5,68.2,97.5,6.9,9.3,70.7
STU2188,6.6,97.1,65.6,80.3,81.9,5.0,6.8,73.3
STU2189,5.5,72.4,70.6,56.0,47.9,4.5,9.1,59.7
STU2190,1.3,92.8,74.4,77.0,82.0,7.2,10.0,70.9
STU2191,1.6,79.7,62.7,60.0,66.0,6.6,7.4,57.3
STU2192,1.3,100.0,70.5,53.0,70.0,8.5,10.0,62.2
STU2193,3.6,69.9,82.7,78.9,92.5,5.9,10.0,78.5
STU2194,2.9,84.4,64.0,63.6,71.5,5.5,7.9,67.0
STU2195,2.3,95.5,68.8,76.3,86.2,7.5,9.0,72.1
STU2196,2.8,72.6,81.5,82.5,84.7,7.5,7.2,68.0
STU2197,3.2,94.9,64.2,62.1,81.0,6.5,9.7,66.8
STU2198,5.1,86.5,62.3,77.4,99.3,6.7,10.0,79.0
STU2199,5.9,88.0,96.6,70.8,75.4,5.8,9.7,83.0
