student_id,study_hours,attendance_percentage,assignment_score,previous_exam_marks,internal_marks,study_days,exam_marks
STU1000,5.1,75.3,76.7,79.0,42.3,39,78.1
STU1001,3.5,81.1,70.6,65.8,41.9,35,73.6
STU1002,5.3,77.8,100.0,59.8,45.4,49,81.1
STU1003,6.8,84.9,94.4,77.0,50.0,30,86.5
STU1004,4.4,95.6,84.4,62.5,45.6,9,78.8
STU1005,4.4,92.2,70.3,47.9,49.7,36,64.0
STU1006,4.4,74.9,84.9,77.2,50.0,46,87.8
STU1007,3.8,92.1,94.4,83.6,43.6,59,78.3
STU1008,1.3,85.8,59.7,78.5,49.0,14,67.9
STU1009,8.4,71.2,84.7,69.4,44.0,53,82.8
STU1010,1.6,85.9,72.5,71.2,43.8,65,71.8
STU1011,2.7,93.1,74.5,41.8,47.1,27,69.0
STU1012,3.3,70.0,78.3,77.9,47.4,18,70.9
STU1013,4.8,61.3,68.0,38.1,40.8,19,60.6
STU1014,2.5,81.6,69.4,52.4,40.3,26,60.9
STU1015,6.5,79.9,83.9,59.1,39.6,40,75.8
STU1016,2.3,80.5,59.8,71.4,50.0,21,69.9
STU1017,5.3,85.0,80.3,61.8,49.0,58,79.7
STU1018,2.1,79.4,80.0,64.9,41.3,14,65.0
STU1019,7.7,59.7,80.0,49.4,43.0,5,68.3
STU1020,3.3,97.8,77.3,82.4,50.0,57,84.0
STU1021,4.9,90.6,81.2,63.5,48.1,5,78.4
STU1022,5.8,78.0,63.7,59.4,50.0,32,72.3
STU1023,4.2,72.4,68.1,52.2,37.1,71,63.6
STU1024,3.7,62.0,91.2,61.3,41.4,32,71.9
STU1025,4.3,85.7,71.5,71.9,47.2,19,74.9
STU1026,3.7,80.0,61.7,56.3,45.3,28,69.6
STU1027,4.5,81.3,89.3,80.9,41.0,36,76.0
STU1028,5.9,88.2,62.4,71.6,33.3,34,65.2
STU1029,8.7,75.2,76.4,53.2,41.4,42,73.7
STU1030,2.9,82.6,78.0,70.9,35.4,17,64.8
STU1031,3.2,79.1,86.9,75.3,50.0,67,80.9
STU1032,4.3,79.7,76.9,74.3,48.4,38,76.0
STU1033,8.8,73.0,82.8,63.2,36.6,39,79.0
STU1034,3.6,86.4,88.7,56.0,43.8,30,70.8
STU1035,6.8,70.2,74.8,55.6,40.0,46,72.7
STU1036,8.0,79.7,82.2,65.1,50.0,32,83.7
STU1037,1.8,78.5,63.8,38.1,27.8,29,51.0
STU1038,4.6,69.0,67.8,68.2,42.7,15,69.2
STU1039,7.9,64.9,89.2,63.0,50.0,22,82.7
STU1040,4.3,100.0,80.6,67.3,50.0,48,78.2
STU1041,4.2,94.7,78.8,70.7,50.0,29,83.5
STU1042,3.2,66.5,68.0,74.3,50.0,22,71.6
STU1043,2.2,85.4,73.9,63.1,43.1,24,63.5
STU1044,2.0,67.6,57.3,64.6,37.7,37,61.7
STU1045,1.5,79.0,60.0,65.9,39.6,22,59.4
STU1046,4.2,80.6,77.7,39.0,44.0,31,67.7
STU1047,3.8,82.9,88.9,73.8,50.0,40,87.5
STU1048,5.2,73.9,90.0,65.6,41.1,9,70.5
STU1049,0.5,64.3,56.6,53.9,31.3,5,50.4
STU1050,5.4,72.5,86.7,42.7,50.0,41,67.4
STU1051,5.9,69.8,83.0,91.8,48.9,22,86.0
STU1052,0.5,75.9,73.2,66.4,40.6,46,62.1
STU1053,5.7,75.9,78.3,76.4,50.0,51,80.6
STU1054,7.8,92.0,93.0,92.3,50.0,50,91.7
STU1055,2.8,99.5,88.1,100.0,50.0,65,92.2
STU1056,7.2,70.0,76.0,68.3,41.8,29,79.4
STU1057,5.1,80.8,58.9,75.0,48.7,42,77.0
STU1058,3.4,86.7,82.2,73.1,50.0,28,75.1
STU1059,5.2,89.6,100.0,77.2,50.0,74,94.5
STU1060,5.2,78.4,73.2,57.5,43.8,60,71.2
STU1061,4.5,86.5,71.4,56.9,49.0,34,66.4
STU1062,4.7,79.3,74.1,48.3,39.0,34,67.5
STU1063,1.7,61.6,69.3,40.0,50.0,48,58.3
STU1064,5.5,92.8,97.8,76.1,50.0,37,89.8
STU1065,2.8,95.7,76.9,64.4,50.0,32,73.6
STU1066,4.2,72.0,85.0,69.3,41.4,46,76.2
STU1067,3.5,85.4,91.5,78.6,50.0,41,86.6
STU1068,3.3,88.6,79.6,73.6,50.0,39,74.6
STU1069,6.5,74.7,79.7,55.2,40.4,20,69.3
STU1070,7.0,92.5,94.6,100.0,50.0,12,93.1
STU1071,6.9,100.0,100.0,99.9,48.4,45,100.0
STU1072,2.3,72.0,66.2,53.9,45.5,47,63.2
STU1073,5.1,74.0,100.0,87.8,50.0,39,85.6
STU1074,4.8,69.9,58.2,32.5,40.8,42,60.8
STU1075,5.4,91.3,87.7,65.9,47.4,29,77.9
STU1076,9.2,78.1,86.4,54.2,40.4,20,76.5
STU1077,5.0,93.0,76.3,69.5,41.2,32,70.5
STU1078,5.0,67.1,91.5,61.5,39.6,34,79.3
STU1079,2.3,77.0,60.1,56.8,42.5,35,58.9
STU1080,4.6,72.8,67.7,76.5,50.0,23,75.2
STU1081,4.5,99.0,78.7,87.0,50.0,55,86.6
STU1082,7.1,100.0,96.0,74.9,50.0,69,98.3
STU1083,6.0,69.7,88.1,67.5,44.2,31,73.1
STU1084,2.3,70.5,75.7,66.1,41.1,48,74.5
STU1085,1.4,86.1,64.0,57.3,41.8,17,64.2
STU1086,1.6,80.7,100.0,69.6,50.0,54,79.6
STU1087,5.8,81.2,86.0,89.3,40.4,51,80.7
STU1088,1.9,77.6,83.5,64.7,45.2,44,72.8
STU1089,0.6,63.4,77.5,80.6,46.8,37,68.3
STU1090,5.4,80.3,86.1,60.0,50.0,5,79.8
STU1091,10.3,77.9,100.0,65.2,50.0,30,84.7
STU1092,3.9,71.6,84.0,54.0,41.8,22,67.1
STU1093,5.9,92.8,88.0,63.0,41.9,19,74.8
STU1094,4.3,65.5,83.9,52.0,43.9,34,65.7
STU1095,3.1,80.8,63.2,51.8,42.4,21,65.4
STU1096,6.6,78.7,79.1,52.7,41.7,24,73.6
STU1097,4.1,78.5,84.0,58.6,47.9,21,76.7
STU1098,5.0,87.9,88.4,75.4,48.5,25,75.9
STU1099,5.0,82.2,76.1,72.1,41.5,49,79.7
STU1100,2.0,78.6,74.7,48.1,36.5,18,66.8
STU1101,6.1,87.6,91.0,52.2,46.7,25,75.2
STU1102,3.9,75.0,67.7,52.9,37.9,26,69.2
STU1103,2.3,69.9,62.8,55.1,42.5,35,61.5
STU1104,5.4,68.3,77.9,73.3,39.9,40,70.2
STU1105,3.0,73.8,83.6,82.7,50.0,5,75.7
STU1106,6.1,100.0,91.7,83.3,50.0,58,94.5
STU1107,4.6,93.3,93.1,57.2,44.5,55,75.1
STU1108,6.9,67.8,88.2,73.8,49.5,21,80.3
STU1109,5.4,66.4,80.2,58.1,41.2,21,71.5
STU1110,2.9,75.2,49.2,41.2,40.5,19,55.5
STU1111,6.1,85.3,69.3,82.3,39.5,24,79.2
STU1112,7.3,85.8,85.8,77.8,49.7,38,88.0
STU1113,7.6,89.8,83.6,96.8,50.0,20,93.4
STU1114,4.4,77.8,86.9,51.9,44.5,18,68.6
STU1115,2.1,84.8,77.5,73.6,42.6,58,74.2
STU1116,2.3,80.7,100.0,79.3,50.0,21,76.6
STU1117,3.0,52.0,89.0,51.0,35.1,46,66.4
STU1118,4.2,83.4,86.5,95.4,50.0,45,85.2
STU1119,4.7,75.2,84.7,90.5,47.8,13,85.4
STU1120,5.2,85.7,95.5,95.0,50.0,47,90.2
STU1121,4.8,100.0,87.8,61.4,44.9,28,77.8
STU1122,5.5,90.7,77.1,89.9,49.4,35,84.5
STU1123,4.4,69.9,52.0,68.1,38.5,31,62.2
STU1124,5.1,92.2,79.2,79.4,50.0,44,78.4
STU1125,2.3,95.8,99.5,86.6,50.0,55,82.7
STU1126,1.8,79.2,72.7,52.2,47.1,46,65.6
STU1127,3.8,83.2,83.7,64.4,50.0,37,77.4
STU1128,2.2,100.0,66.6,54.9,43.4,16,68.6
STU1129,5.3,66.2,55.5,60.9,34.1,25,61.2
STU1130,6.3,77.0,76.9,63.0,40.3,68,73.7
STU1131,7.0,71.1,75.5,44.7,42.8,45,66.4
STU1132,3.2,80.2,51.2,73.2,49.1,62,75.0
STU1133,7.9,73.2,88.6,85.6,48.5,56,94.7
STU1134,4.1,71.2,78.7,52.8,37.3,33,69.3
STU1135,5.1,84.8,91.4,91.0,48.5,46,90.3
STU1136,2.6,85.8,66.7,59.4,47.8,30,70.9
STU1137,3.6,87.6,74.3,78.0,42.2,9,78.4
STU1138,4.4,71.6,82.5,87.8,49.6,39,83.7
STU1139,3.9,74.4,56.7,39.1,43.6,45,63.5
STU1140,5.0,74.0,75.4,77.0,44.0,27,75.0
STU1141,5.6,74.0,95.9,80.1,50.0,47,81.8
STU1142,4.1,69.8,69.0,51.2,37.4,38,61.1
STU1143,7.0,77.8,85.4,62.0,50.0,23,80.1
STU1144,6.6,100.0,75.0,90.1,50.0,29,88.8
STU1145,2.2,88.2,81.3,88.0,49.4,24,85.5
STU1146,0.5,60.0,45.1,46.3,37.3,17,48.7
STU1147,5.3,67.7,71.4,38.8,36.9,10,63.4
STU1148,2.2,92.8,93.7,69.5,43.0,25,72.6
STU1149,4.3,100.0,68.3,76.0,49.7,56,80.4
STU1150,2.4,65.4,73.6,73.4,50.0,23,67.4
STU1151,1.2,62.9,81.2,85.6,42.0,38,69.1
STU1152,5.0,95.3,85.8,69.2,40.8,24,78.2
STU1153,6.2,85.1,79.3,81.2,43.3,52,83.0
STU1154,3.6,72.8,74.4,74.8,50.0,54,80.7
STU1155,0.5,81.8,51.2,44.9,43.6,43,57.4
STU1156,4.9,63.0,95.7,86.4,50.0,48,84.3
STU1157,5.7,82.4,100.0,84.9,45.1,34,92.9
STU1158,0.6,77.3,67.7,54.3,40.3,12,57.7
STU1159,5.4,92.5,85.5,80.8,42.7,65,88.0
STU1160,3.7,65.0,73.5,53.8,40.9,19,62.4
STU1161,6.3,84.8,87.8,65.3,50.0,48,85.4
STU1162,5.7,76.5,82.8,79.4,45.0,55,85.3
STU1163,1.9,78.5,77.1,62.4,34.6,23,63.2
STU1164,7.7,75.9,93.0,71.4,50.0,54,80.1
STU1165,4.5,78.0,82.9,69.9,45.0,47,77.1
STU1166,5.1,74.2,77.9,66.7,50.0,63,83.5
STU1167,4.2,96.0,100.0,100.0,50.0,37,93.5
STU1168,3.4,87.4,82.1,62.1,45.0,15,72.8
STU1169,2.1,73.9,65.5,75.7,43.6,24,62.9
STU1170,3.4,75.9,80.0,75.0,37.4,33,68.7
STU1171,7.3,61.4,71.8,58.1,41.2,31,72.9
STU1172,1.7,76.6,68.4,56.1,43.0,29,64.5
STU1173,1.5,81.2,71.7,48.8,40.7,9,63.1
STU1174,7.7,100.0,69.5,54.9,50.0,42,80.3
STU1175,4.7,73.0,90.5,62.0,48.7,66,80.6
STU1176,3.2,94.7,61.5,83.3,45.5,41,76.5
STU1177,7.7,97.2,83.8,85.3,48.3,50,88.1
STU1178,3.1,81.5,56.9,69.4,50.0,41,64.9
STU1179,10.3,100.0,100.0,73.5,50.0,54,96.1
STU1180,6.4,86.8,85.3,61.7,50.0,51,82.9
STU1181,2.8,79.6,67.6,68.3,40.0,36,65.8
STU1182,8.0,74.1,65.6,59.4,31.4,25,63.2
STU1183,3.7,94.6,71.7,71.7,50.0,26,78.9
STU1184,5.8,89.8,83.4,71.8,45.9,30,79.6
STU1185,5.7,77.3,81.6,93.8,45.5,42,87.2
STU1186,7.5,69.2,89.6,70.8,50.0,32,89.9
STU1187,7.6,77.6,74.6,68.0,50.0,39,75.3
STU1188,3.9,67.8,73.5,60.8,40.9,36,65.5
STU1189,1.8,71.8,75.8,77.6,44.9,39,71.1
STU1190,5.1,90.1,81.8,40.0,50.0,50,78.3
STU1191,3.8,79.7,81.7,84.9,44.7,40,74.1
STU1192,8.7,80.6,88.5,69.1,44.4,17,88.4
STU1193,3.8,74.4,66.4,60.5,44.1,23,67.9
STU1194,3.9,89.4,80.1,62.7,34.2,36,68.5
STU1195,5.2,59.5,80.4,71.7,45.6,11,72.9
STU1196,1.1,69.5,66.8,66.1,33.4,50,59.4
STU1197,2.7,82.9,80.4,100.0,44.8,37,85.0
STU1198,6.9,92.3,73.8,77.5,45.6,40,79.8
STU1199,2.3,69.4,58.5,46.1,37.1,48,58.5
STU1200,2.7,63.0,67.6,67.3,42.9,27,64.8
STU1201,6.0,89.0,71.3,69.2,43.4,45,75.4
STU1202,7.7,79.1,80.9,60.2,50.0,38,89.7
STU1203,6.8,73.4,92.0,76.0,50.0,37,86.8
STU1204,5.4,66.9,61.4,60.9,32.0,17,64.3
STU1205,2.2,73.5,73.8,43.7,49.0,53,69.6
STU1206,2.1,76.5,81.0,85.2,46.3,32,71.5
STU1207,7.9,60.5,69.9,79.0,47.0,47,87.7
STU1208,4.3,91.5,89.2,65.6,49.7,11,69.6
STU1209,7.1,100.0,100.0,100.0,50.0,70,97.6
STU1210,7.6,89.4,78.7,91.9,50.0,52,90.6
STU1211,6.5,74.3,94.7,88.6,50.0,42,91.4
STU1212,6.2,82.8,81.4,78.6,48.4,36,84.3
STU1213,9.4,83.2,91.4,72.6,43.5,43,85.7
STU1214,3.0,84.4,63.7,65.4,39.7,65,69.4
STU1215,7.0,90.5,72.3,70.7,41.8,14,74.0
STU1216,4.0,68.8,69.2,36.3,41.2,42,56.2
STU1217,4.8,79.6,76.8,87.9,38.9,21,79.1
STU1218,7.2,82.1,75.2,64.4,42.6,32,79.2
STU1219,5.6,95.0,70.7,73.3,50.0,31,86.0
STU1220,7.4,98.6,97.8,92.8,50.0,40,93.0
STU1221,5.2,78.6,67.7,39.4,36.8,25,63.6
STU1222,4.3,84.3,84.2,73.5,49.4,22,77.9
STU1223,1.5,86.0,64.5,32.7,47.9,41,63.8
STU1224,2.0,81.7,66.6,87.9,46.0,7,75.8
STU1225,1.4,76.8,94.9,66.4,50.0,48,75.9
STU1226,8.7,94.4,74.4,57.4,40.2,30,76.0
STU1227,1.4,81.6,71.4,51.3,42.9,13,64.2
STU1228,3.5,72.0,83.1,74.3,46.7,34,77.7
STU1229,4.5,78.6,89.2,75.6,46.5,16,75.9
STU1230,4.5,79.3,71.7,46.4,43.8,31,62.5
STU1231,6.3,85.7,78.5,84.2,45.7,16,81.3
STU1232,6.3,82.2,91.2,76.5,46.3,41,89.1
STU1233,2.8,79.9,59.3,66.8,29.6,18,63.2
STU1234,5.9,100.0,89.5,99.5,50.0,39,89.9
STU1235,5.6,93.9,82.2,100.0,50.0,42,87.5
STU1236,2.4,71.8,71.8,69.8,32.8,14,66.2
STU1237,7.9,90.3,88.4,62.5,48.6,35,80.6
STU1238,5.0,66.4,66.0,78.6,37.5,10,71.0
STU1239,6.7,88.2,86.1,81.6,50.0,48,86.5
STU1240,5.2,94.1,68.4,64.8,42.0,55,80.6
STU1241,6.8,77.2,74.9,48.1,40.5,73,70.9
STU1242,5.3,74.0,93.2,71.7,50.0,38,85.7
STU1243,2.6,77.8,71.7,68.6,50.0,50,74.6
STU1244,4.3,63.1,84.0,63.9,36.7,5,66.9
STU1245,2.9,70.5,82.3,76.1,46.6,54,70.0
STU1246,3.1,73.9,83.7,40.0,46.5,43,59.3
STU1247,5.2,62.7,70.8,60.6,44.5,24,68.9
STU1248,8.4,89.0,96.9,99.8,47.4,61,98.8
STU1249,4.9,91.0,70.2,70.4,50.0,33,74.9
STU1250,4.1,64.6,64.1,62.1,35.5,22,59.2
STU1251,8.6,99.8,96.1,82.0,50.0,46,96.2
STU1252,6.7,95.7,100.0,95.1,50.0,30,96.0
STU1253,10.5,95.5,84.9,76.4,50.0,54,92.0
STU1254,4.4,65.8,63.8,37.9,35.3,12,58.1
STU1255,0.6,86.1,69.5,50.3,32.9,17,51.4
STU1256,7.0,75.4,80.0,89.7,50.0,28,85.9
STU1257,4.7,85.4,79.3,60.4,36.7,42,75.9
STU1258,7.4,83.9,79.9,71.4,43.5,28,80.7
STU1259,6.5,89.4,86.2,71.9,49.2,20,83.4
STU1260,3.5,63.6,66.7,54.4,47.0,21,72.6
STU1261,2.0,70.8,68.8,78.9,48.4,34,67.9
STU1262,1.5,69.8,49.8,28.7,28.2,5,44.5
STU1263,2.0,65.4,66.3,42.0,41.1,13,61.1
STU1264,3.1,83.4,72.4,73.4,41.9,63,73.1
STU1265,4.7,60.1,63.1,52.0,38.7,16,64.0
STU1266,9.1,96.6,100.0,86.3,50.0,38,92.5
STU1267,4.1,60.5,82.4,70.0,43.2,22,69.2
STU1268,1.8,83.3,73.9,62.9,49.0,26,70.9
STU1269,5.5,86.9,90.6,72.6,50.0,44,86.8
STU1270,8.0,80.2,82.6,70.9,50.0,55,90.3
STU1271,2.1,78.6,66.5,49.8,42.5,23,66.3
STU1272,5.2,88.4,79.7,87.5,50.0,23,84.2
STU1273,4.5,74.7,66.2,51.0,39.6,52,70.0
STU1274,2.1,65.0,62.0,59.4,37.5,28,58.4
STU1275,6.2,62.7,95.9,74.2,48.3,61,87.4
STU1276,4.4,84.5,89.4,70.6,50.0,5,78.8
STU1277,4.9,61.4,77.3,72.8,40.9,34,74.0
STU1278,2.8,81.3,64.1,72.4,39.6,62,71.8
STU1279,3.3,75.4,73.1,80.0,44.0,28,68.6
STU1280,6.0,87.4,84.8,58.3,48.2,32,74.7
STU1281,4.3,80.3,86.0,76.8,50.0,42,81.8
STU1282,9.2,84.6,81.1,86.4,50.0,35,85.3
STU1283,2.7,81.1,59.3,42.6,44.6,24,63.0
STU1284,6.7,94.0,98.5,100.0,50.0,40,98.7
STU1285,4.8,73.4,69.0,72.1,33.1,16,68.0
STU1286,1.5,83.9,54.8,66.1,39.1,51,60.3
STU1287,1.4,67.6,78.9,80.0,50.0,44,79.1
STU1288,1.7,89.0,79.6,72.0,50.0,39,81.8
STU1289,6.5,83.0,84.5,53.3,42.3,43,75.7
STU1290,3.2,68.8,82.4,45.7,43.3,30,66.3
STU1291,9.2,75.1,86.3,54.8,50.0,21,81.2
STU1292,2.9,76.7,65.6,46.2,44.9,23,64.1
STU1293,5.5,82.9,70.2,96.1,50.0,39,85.9
STU1294,7.9,85.1,82.8,70.7,42.4,21,80.7
STU1295,8.0,90.8,87.1,56.6,47.8,24,84.2
STU1296,9.3,95.3,100.0,87.7,48.0,32,100.0
STU1297,7.2,68.4,91.5,59.0,41.7,66,74.6
STU1298,7.2,90.3,93.0,68.5,49.7,5,83.3
STU1299,6.2,96.4,89.9,75.7,48.0,35,81.9
STU1300,5.4,79.7,68.8,70.2,40.7,55,80.1
STU1301,2.9,88.1,71.8,67.4,36.6,33,65.8
STU1302,3.5,100.0,99.2,79.0,50.0,49,81.4
STU1303,5.0,93.3,76.4,75.6,50.0,39,84.0
STU1304,4.1,82.4,93.3,72.2,37.4,25,79.6
STU1305,3.7,91.0,76.5,71.5,50.0,5,77.7
STU1306,6.9,87.8,100.0,70.7,49.7,44,88.4
STU1307,5.9,77.3,63.7,62.0,46.6,21,73.8
STU1308,5.1,79.2,89.8,62.2,48.8,26,82.0
STU1309,7.3,94.6,74.5,66.7,46.3,27,77.8
STU1310,2.0,70.7,61.9,60.3,42.5,58,64.7
STU1311,5.0,100.0,90.8,100.0,50.0,74,93.6
STU1312,3.7,89.1,94.1,76.6,45.3,42,76.9
STU1313,1.4,70.1,74.6,61.5,50.0,32,67.0
STU1314,5.4,90.2,77.4,80.9,50.0,25,86.4
STU1315,4.3,59.1,78.5,73.9,48.1,41,77.6
STU1316,8.1,89.7,88.4,93.9,50.0,63,98.1
STU1317,5.5,87.3,83.1,58.1,42.9,29,74.7
STU1318,2.7,75.7,88.4,54.2,50.0,5,71.0
STU1319,8.1,80.6,82.1,75.6,45.3,43,82.3
STU1320,7.0,100.0,99.9,53.9,50.0,49,84.3
STU1321,6.1,77.9,88.1,69.7,49.2,15,80.8
STU1322,3.4,65.3,68.4,56.2,38.7,33,63.9
STU1323,4.3,100.0,81.4,90.3,50.0,51,88.6
STU1324,3.0,94.6,67.2,64.5,39.6,28,67.6
STU1325,5.7,74.0,68.1,47.1,32.5,17,60.1
STU1326,9.2,95.9,100.0,77.7,50.0,55,100.0
STU1327,8.2,97.4,94.3,76.6,50.0,33,93.8
STU1328,4.0,75.7,73.2,76.5,50.0,17,77.4
STU1329,2.8,78.3,83.9,76.0,49.7,9,74.5
STU1330,4.8,92.2,85.7,72.7,50.0,52,82.0
STU1331,0.5,92.4,81.2,67.4,36.4,39,65.6
STU1332,5.2,86.0,88.8,73.2,45.3,36,81.5
STU1333,3.7,67.8,79.9,65.5,40.7,25,62.9
STU1334,4.3,100.0,87.5,61.3,50.0,32,74.0
STU1335,1.2,74.0,77.8,66.9,45.3,19,64.9
STU1336,4.9,72.5,84.5,64.2,45.6,24,74.9
STU1337,3.2,81.8,63.3,72.5,41.7,5,66.8
STU1338,2.5,97.6,77.2,64.9,50.0,26,79.0
STU1339,0.5,85.7,63.1,54.5,42.9,27,55.8
STU1340,3.8,80.0,75.4,52.6,37.6,39,63.3
STU1341,8.2,85.9,96.9,76.6,48.2,35,94.2
STU1342,8.0,81.7,80.2,82.1,46.7,47,87.8
STU1343,3.2,83.0,52.3,57.9,41.7,51,68.1
STU1344,2.9,52.3,70.0,72.8,41.4,47,74.5
STU1345,5.6,78.2,90.8,71.9,48.1,42,79.9
STU1346,1.3,75.2,68.8,50.7,36.5,27,57.2
STU1347,4.0,61.5,71.4,50.2,44.2,14,62.8
STU1348,5.5,80.3,72.3,68.3,36.7,41,66.0
STU1349,6.8,76.9,68.9,69.2,40.7,57,76.0
STU1350,4.5,99.1,86.5,96.5,50.0,41,92.5
STU1351,5.3,100.0,84.7,74.9,49.5,69,88.5
STU1352,3.4,79.6,100.0,83.1,44.5,17,81.5
STU1353,2.7,77.7,81.1,60.4,49.0,18,69.3
STU1354,4.0,79.2,73.4,58.2,35.3,46,64.5
STU1355,4.4,70.5,65.8,56.9,38.9,33,69.3
STU1356,6.3,81.9,80.6,69.3,50.0,53,81.4
STU1357,2.7,71.0,72.8,96.9,36.0,33,74.3
STU1358,7.7,70.3,95.9,69.5,37.9,24,79.3
STU1359,3.3,82.1,73.0,46.5,34.7,27,65.3
STU1360,4.9,88.9,77.5,76.7,50.0,16,83.1
STU1361,4.2,79.6,100.0,62.0,50.0,26,74.2
STU1362,0.5,88.4,74.2,65.8,43.5,48,64.2
STU1363,6.6,75.7,92.1,72.6,50.0,49,87.3
STU1364,6.5,86.0,81.8,84.3,50.0,43,87.3
STU1365,3.6,86.2,78.4,74.3,50.0,8,74.7
STU1366,4.8,80.8,84.4,64.9,46.3,31,79.4
STU1367,5.5,84.6,63.7,66.5,34.1,17,68.2
STU1368,1.5,75.3,94.7,60.6,43.0,51,70.6
STU1369,2.8,74.2,82.8,47.1,40.3,22,65.5
STU1370,6.1,78.1,77.9,71.7,44.7,19,75.9
STU1371,2.4,75.0,70.9,59.5,46.6,37,73.0
STU1372,6.2,85.5,96.2,79.4,50.0,33,84.8
STU1373,2.6,69.3,85.6,67.6,50.0,60,78.1
STU1374,7.2,85.9,100.0,97.7,50.0,35,99.7
STU1375,3.8,73.3,74.1,79.4,47.3,11,70.2
STU1376,2.0,81.8,87.9,63.3,50.0,9,70.5
STU1377,7.0,78.5,96.9,49.6,48.2,35,82.6
STU1378,4.8,90.3,100.0,90.7,50.0,38,93.4
STU1379,2.2,80.8,60.7,59.3,41.8,10,61.4
STU1380,4.2,84.5,84.6,61.2,50.0,47,75.3
STU1381,6.3,70.5,91.5,56.5,36.2,41,75.5
STU1382,0.8,57.3,86.3,42.4,32.6,23,57.0
STU1383,4.2,67.0,64.7,66.3,41.2,51,65.7
STU1384,4.8,71.3,75.9,71.1,44.0,40,71.0
STU1385,6.0,77.2,63.7,48.1,50.0,24,71.3
STU1386,5.1,74.0,87.8,67.7,47.6,22,79.2
STU1387,5.3,76.4,90.4,91.0,47.9,55,86.6
STU1388,3.6,80.2,100.0,68.4,50.0,45,82.8
STU1389,4.2,78.9,67.5,80.7,46.5,34,74.3
STU1390,1.6,81.5,53.5,51.1,31.0,18,46.1
STU1391,0.5,76.9,74.3,73.0,47.8,45,69.1
STU1392,4.3,69.3,50.8,59.6,29.7,17,57.5
STU1393,7.8,79.9,100.0,81.6,50.0,42,90.6
STU1394,0.7,85.6,65.7,60.7,46.6,61,63.9
STU1395,2.1,69.2,73.0,58.1,46.9,23,59.9
STU1396,4.4,77.2,46.9,60.5,36.9,5,58.8
STU1397,9.7,68.9,93.6,79.2,45.8,27,89.6
STU1398,4.4,75.8,93.2,57.4,50.0,48,81.5
STU1399,4.0,89.2,91.9,91.8,46.1,44,89.4
STU1400,2.9,73.9,57.0,46.8,38.8,25,55.3
STU1401,6.8,100.0,77.1,55.8,40.9,24,71.3
STU1402,3.2,83.5,78.0,69.7,44.6,41,75.5
STU1403,2.9,70.2,82.1,77.0,48.3,23,76.9
STU1404,3.2,76.8,61.9,89.2,45.4,37,77.0
STU1405,3.1,65.4,88.0,84.0,50.0,27,72.3
STU1406,3.9,73.9,45.8,69.0,38.4,17,60.3
STU1407,7.6,71.0,76.3,60.9,46.1,25,76.6
STU1408,5.2,89.8,76.8,58.0,45.1,30,75.5
STU1409,4.4,77.1,89.1,74.3,49.7,36,83.0
STU1410,4.5,82.4,85.3,77.0,50.0,41,82.4
STU1411,0.5,68.0,53.0,43.8,38.1,5,50.6
STU1412,5.0,89.7,58.9,49.2,29.8,16,59.7
STU1413,5.4,83.2,92.5,86.4,50.0,35,89.3
STU1414,4.4,100.0,81.2,75.6,50.0,57,85.0
STU1415,10.3,84.4,75.2,65.3,39.5,16,78.2
STU1416,6.3,92.6,89.6,88.3,48.3,45,88.9
STU1417,3.1,84.3,84.9,63.7,50.0,56,77.4
STU1418,4.6,89.8,84.3,75.3,50.0,22,82.4
STU1419,6.9,61.1,82.0,55.6,44.0,40,74.9
STU1420,6.4,87.5,100.0,100.0,50.0,34,95.6
STU1421,3.0,97.2,78.8,87.5,50.0,36,86.8
STU1422,6.1,78.3,62.7,62.8,50.0,22,75.5
STU1423,3.9,70.8,93.5,68.5,50.0,29,75.6
STU1424,8.8,82.7,83.6,100.0,46.8,76,99.0
STU1425,7.8,100.0,91.4,71.2,50.0,53,85.9
STU1426,2.8,87.6,62.6,52.7,37.3,45,59.5
STU1427,7.6,82.8,86.3,80.1,50.0,45,89.9
STU1428,5.5,94.8,100.0,86.2,50.0,17,90.1
STU1429,4.8,67.5,72.9,59.2,34.5,31,61.3
STU1430,4.5,57.0,77.7,74.9,35.8,44,69.2
STU1431,1.2,60.6,46.4,51.1,20.4,12,40.8
STU1432,3.0,94.3,65.1,53.4,37.8,47,63.6
STU1433,7.1,80.8,62.7,73.1,41.8,48,80.8
STU1434,5.0,85.1,84.7,87.9,50.0,68,90.5
STU1435,3.8,77.4,87.8,91.6,45.2,29,81.3
STU1436,3.9,100.0,96.4,70.5,49.4,27,80.0
STU1437,4.2,89.4,66.0,66.0,38.5,23,64.4
STU1438,7.3,93.7,68.9,51.2,41.5,46,78.9
STU1439,2.3,78.1,70.1,76.6,47.8,9,73.0
STU1440,4.9,84.9,84.8,71.1,39.1,7,71.0
STU1441,7.3,64.7,89.4,58.4,44.8,36,79.7
STU1442,2.7,84.4,46.2,53.5,28.3,18,52.9
STU1443,5.3,67.9,82.3,74.2,49.5,34,78.6
STU1444,1.3,75.6,73.5,64.3,43.5,41,68.1
STU1445,5.9,72.4,82.7,75.2,44.3,30,76.2
STU1446,4.4,75.9,88.5,65.4,44.2,10,72.0
STU1447,5.7,66.9,98.7,40.5,39.7,58,71.2
STU1448,6.5,71.4,76.7,71.4,31.7,18,68.8
STU1449,8.8,69.3,79.6,61.0,42.2,14,77.9
STU1450,5.6,74.2,73.6,56.7,43.7,50,78.8
STU1451,5.9,93.1,90.4,72.6,50.0,34,82.4
STU1452,4.1,64.0,75.2,52.0,34.7,29,56.6
STU1453,4.2,84.7,84.8,57.2,46.0,44,68.0
STU1454,4.8,89.5,66.3,53.2,36.2,47,66.6
STU1455,3.3,70.9,73.5,46.8,36.5,26,58.1
STU1456,4.8,72.3,92.1,62.3,39.9,55,75.3
STU1457,6.3,72.5,77.3,48.5,45.8,5,70.0
STU1458,2.0,89.0,80.6,44.0,41.0,42,58.9
STU1459,5.8,76.0,69.2,77.1,40.5,17,68.3
STU1460,8.7,84.5,100.0,100.0,50.0,64,100.0
STU1461,4.3,85.0,82.0,59.8,40.5,37,72.1
STU1462,0.5,65.5,60.4,63.3,39.9,22,56.9
STU1463,3.5,87.9,82.8,74.9,50.0,45,74.8
STU1464,7.0,83.5,72.6,79.9,39.5,46,81.9
STU1465,4.3,75.8,71.7,56.6,48.4,42,76.0
STU1466,3.0,74.7,84.2,86.8,44.5,23,77.8
STU1467,4.1,74.9,87.7,70.3,47.2,32,74.1
STU1468,5.8,82.7,66.0,47.5,45.8,32,69.9
STU1469,5.1,89.4,85.0,69.6,41.3,31,72.4
STU1470,3.8,72.3,81.5,79.2,44.6,44,80.5
STU1471,1.9,73.1,51.5,71.1,32.0,5,57.3
STU1472,2.5,51.6,51.0,38.1,36.0,32,44.6
STU1473,3.7,81.0,88.1,90.7,41.0,37,79.1
STU1474,9.0,87.9,93.9,81.6,45.9,31,91.1
STU1475,3.7,69.7,77.5,73.9,47.2,23,72.9
STU1476,7.4,73.5,84.2,58.2,50.0,34,79.1
STU1477,7.8,74.9,67.8,57.5,41.9,5,67.5
STU1478,9.0,98.3,100.0,93.3,50.0,40,99.7
STU1479,4.5,83.7,85.6,81.2,50.0,28,80.2
STU1480,5.2,57.0,84.9,59.5,47.5,41,67.1
STU1481,3.7,54.0,64.5,64.7,28.8,18,56.8
STU1482,1.4,65.9,77.9,61.6,33.3,23,62.6
STU1483,5.3,85.6,64.8,76.8,45.0,57,77.6
STU1484,1.5,48.7,81.5,77.5,43.9,45,75.1
STU1485,5.7,67.9,67.4,56.9,50.0,40,74.8
STU1486,3.1,71.5,80.3,47.5,41.5,24,64.7
STU1487,4.0,88.5,70.9,71.1,34.4,37,69.4
STU1488,6.4,84.6,100.0,79.9,50.0,40,88.7
STU1489,4.7,88.2,83.2,87.7,50.0,36,84.4
STU1490,5.7,81.4,70.9,85.2,46.3,40,80.8
STU1491,4.7,66.1,100.0,89.3,48.4,34,86.8
STU1492,6.3,88.1,81.2,52.4,50.0,56,76.4
STU1493,1.1,77.8,70.4,48.4,44.9,28,57.8
STU1494,6.0,92.7,100.0,99.3,50.0,51,91.9
STU1495,8.8,100.0,79.6,72.1,50.0,58,96.3
STU1496,1.7,54.0,73.1,57.5,44.0,44,65.1
STU1497,3.0,96.3,70.8,74.3,50.0,14,76.4
STU1498,4.8,72.7,71.6,66.0,40.8,36,67.6
STU1499,3.8,76.0,68.1,55.9,37.2,39,66.7
STU1500,5.9,84.2,75.0,75.9,50.0,52,83.0
STU1501,7.0,85.3,90.7,85.6,49.8,28,89.6
STU1502,4.7,67.3,80.6,62.1,41.1,18,66.2
STU1503,7.2,86.1,95.1,80.3,43.3,51,87.9
STU1504,4.8,61.6,74.0,58.0,46.8,21,68.1
STU1505,3.6,85.1,76.6,74.5,42.9,28,71.5
STU1506,5.4,72.9,73.1,60.1,48.9,54,78.3
STU1507,7.6,64.4,88.4,49.1,44.0,30,69.3
STU1508,4.3,75.7,77.7,60.2,39.8,25,70.4
STU1509,1.9,88.4,71.7,48.1,49.8,18,67.8
STU1510,6.9,76.0,94.8,68.0,50.0,41,81.8
STU1511,4.2,83.3,71.6,81.0,50.0,16,75.6
STU1512,0.5,71.5,86.7,56.5,41.0,30,62.2
STU1513,5.5,83.0,59.6,60.1,39.6,35,69.9
STU1514,3.0,84.0,87.7,54.4,45.1,50,71.5
STU1515,4.9,100.0,82.6,73.4,47.8,48,84.2
STU1516,5.6,80.7,82.5,56.9,50.0,27,82.1
STU1517,4.1,81.8,54.1,54.8,41.1,46,63.9
STU1518,6.0,81.5,77.9,67.0,33.1,31,65.9
STU1519,4.2,96.7,75.7,82.2,50.0,21,83.9
STU1520,4.2,64.5,60.2,52.1,34.5,24,64.4
STU1521,4.4,90.2,82.4,60.8,49.2,57,79.8
STU1522,5.4,74.7,83.8,72.6,41.2,34,72.8
STU1523,6.2,82.2,87.9,76.6,50.0,38,84.6
STU1524,2.0,77.1,73.1,61.8,47.7,54,66.9
STU1525,5.2,73.5,55.9,48.0,37.5,5,61.9
STU1526,2.1,70.7,55.6,44.4,35.0,8,47.7
STU1527,6.2,82.4,98.0,70.9,47.5,12,81.0
STU1528,5.4,97.1,75.9,76.1,48.6,41,79.5
STU1529,7.5,85.3,90.7,38.8,39.2,32,72.3
STU1530,4.6,91.9,82.4,69.1,50.0,59,80.8
STU1531,2.5,67.1,63.7,46.9,39.0,30,58.7
STU1532,4.4,70.8,88.4,70.1,50.0,29,78.1
STU1533,2.9,83.5,79.2,67.8,47.3,28,70.1
STU1534,5.6,85.5,74.5,52.3,39.9,33,71.9
STU1535,1.3,95.0,72.4,63.0,50.0,11,69.1
STU1536,1.7,69.7,68.7,52.9,36.1,68,58.1
STU1537,2.1,75.8,76.5,55.0,47.4,40,75.1
STU1538,7.2,68.6,98.7,75.3,48.4,42,87.8
STU1539,7.5,73.2,78.4,70.1,37.8,40,76.5
STU1540,5.0,94.1,92.3,65.6,50.0,49,87.5
STU1541,3.3,69.7,83.7,60.3,27.1,27,67.2
STU1542,5.1,89.1,87.8,55.1,41.0,28,72.3
STU1543,8.0,85.3,97.9,77.7,50.0,50,92.7
STU1544,0.7,70.9,41.4,37.2,32.4,28,42.2
STU1545,4.3,64.5,49.1,77.7,37.7,19,65.0
STU1546,6.9,83.7,90.4,71.3,41.8,57,82.3
STU1547,5.3,49.1,77.9,41.6,38.6,38,63.0
STU1548,5.2,80.0,78.6,50.1,49.7,47,75.6
STU1549,6.0,60.7,78.6,61.7,44.8,51,76.6
STU1550,0.5,92.5,74.7,75.7,47.2,35,72.8
STU1551,5.7,87.0,89.7,70.4,50.0,38,79.4
STU1552,4.1,90.5,89.0,82.7,50.0,52,82.4
STU1553,1.0,96.5,70.5,83.6,44.4,26,71.1
STU1554,5.8,72.2,92.6,65.8,46.4,37,78.2
STU1555,6.9,95.4,77.0,73.3,38.4,34,82.4
STU1556,3.8,86.9,79.4,44.7,44.0,19,62.8
STU1557,6.1,75.5,73.6,53.3,49.1,65,75.5
STU1558,8.0,93.3,80.9,52.5,50.0,17,82.9
STU1559,6.8,66.8,79.5,60.3,50.0,14,75.3
STU1560,8.0,73.2,86.0,70.7,45.8,54,85.8
STU1561,7.6,84.3,100.0,92.1,50.0,55,95.2
STU1562,5.3,79.1,84.9,78.3,49.4,24,82.4
STU1563,1.0,67.8,56.1,54.2,49.7,41,61.6
STU1564,5.0,98.2,85.7,79.1,50.0,61,89.1
STU1565,2.5,75.4,80.9,47.0,47.6,32,61.6
STU1566,7.2,73.3,63.7,60.6,42.9,61,74.1
STU1567,3.3,69.3,67.7,53.6,39.1,5,61.4
STU1568,3.2,52.4,71.8,42.0,36.2,35,58.5
STU1569,5.3,80.9,71.1,81.6,50.0,49,87.3
STU1570,4.6,61.0,65.8,54.5,43.2,47,65.7
STU1571,9.2,87.7,97.0,74.1,48.8,40,95.0
STU1572,3.5,68.0,76.5,59.5,50.0,32,69.2
STU1573,4.7,98.8,69.2,64.8,43.7,40,79.1
STU1574,3.7,93.3,83.5,81.9,50.0,50,86.2
STU1575,0.5,70.0,61.3,51.8,40.1,32,53.7
STU1576,3.5,93.8,80.0,98.9,45.3,50,86.2
STU1577,5.0,75.4,88.9,51.7,44.8,24,71.5
STU1578,2.5,78.0,81.5,58.4,40.7,24,68.2
STU1579,4.0,87.7,84.9,74.5,43.3,27,75.9
STU1580,2.0,84.3,81.6,65.3,46.7,31,70.5
STU1581,4.0,90.6,70.9,56.6,45.9,47,76.7
STU1582,2.0,90.5,73.8,65.0,48.2,39,71.8
STU1583,7.8,94.2,96.3,100.0,50.0,80,100.0
STU1584,4.8,64.4,76.9,79.3,50.0,38,78.5
STU1585,1.8,71.6,81.4,71.0,47.2,37,77.2
STU1586,3.5,76.5,95.7,77.8,50.0,34,78.9
STU1587,2.3,76.7,63.5,42.0,39.8,21,55.2
STU1588,5.8,72.8,83.9,62.5,45.2,38,81.1
STU1589,6.5,99.8,74.4,34.6,44.9,46,70.2
STU1590,0.8,95.5,79.1,61.1,46.6,36,74.6
STU1591,4.3,83.6,77.7,64.5,38.3,21,72.5
STU1592,4.6,83.1,94.9,74.4,50.0,24,81.4
STU1593,6.1,79.5,62.2,73.3,43.5,30,69.4
STU1594,5.8,75.7,67.8,63.9,40.6,41,72.0
STU1595,2.6,78.2,68.6,71.2,49.7,49,74.3
STU1596,3.6,81.2,86.0,67.7,42.9,14,75.9
STU1597,2.1,62.7,54.6,65.3,35.8,25,63.6
STU1598,6.3,81.1,50.9,42.3,33.7,34,58.5
STU1599,4.8,80.3,87.9,75.6,50.0,11,82.5
STU1600,8.9,64.7,92.9,63.3,42.7,27,82.0
STU1601,3.6,66.8,61.1,53.5,40.2,20,64.6
STU1602,3.8,80.2,76.6,83.4,50.0,28,81.2
STU1603,2.6,100.0,79.2,83.9,50.0,44,75.6
STU1604,1.2,87.6,79.7,63.2,48.4,34,70.1
STU1605,2.8,76.0,86.7,88.7,46.2,36,75.8
STU1606,4.4,81.0,77.5,42.6,38.6,37,64.1
STU1607,4.5,58.3,43.8,67.0,37.6,52,66.9
STU1608,0.5,81.9,52.7,46.2,32.8,49,53.8
STU1609,7.5,82.8,84.8,96.8,50.0,15,94.3
STU1610,4.1,82.3,81.8,69.4,50.0,46,80.0
STU1611,4.7,93.0,74.4,61.6,50.0,32,72.4
STU1612,7.9,68.5,92.9,62.7,41.2,38,71.1
STU1613,5.4,60.4,54.7,65.3,49.0,23,70.7
STU1614,5.9,86.4,100.0,87.1,50.0,48,90.2
STU1615,2.8,91.0,83.4,76.5,47.9,37,75.1
STU1616,0.5,65.4,92.2,65.0,50.0,27,64.2
STU1617,3.6,55.3,79.8,54.2,50.0,26,66.2
STU1618,4.5,77.9,86.2,67.0,41.4,31,73.2
STU1619,2.7,86.6,62.8,57.5,45.6,39,69.7
STU1620,3.6,88.1,50.5,59.7,29.6,39,60.6
STU1621,5.0,77.7,91.4,60.1,49.8,49,84.3
STU1622,5.6,85.3,95.7,98.9,50.0,37,88.6
STU1623,4.3,98.3,100.0,81.8,50.0,45,90.6
STU1624,6.1,69.3,81.7,83.6,49.3,56,85.4
STU1625,5.0,73.6,80.6,69.6,33.2,48,73.6
STU1626,1.5,77.0,84.7,67.7,43.7,29,68.0
STU1627,7.2,83.9,85.4,66.4,50.0,31,86.5
STU1628,4.3,75.2,82.1,60.1,43.2,37,72.8
STU1629,5.4,85.8,89.3,60.5,50.0,24,76.5
STU1630,4.6,46.7,51.8,41.8,26.4,23,49.2
STU1631,6.2,81.1,100.0,78.0,50.0,53,87.9
STU1632,6.3,83.7,74.8,67.4,43.5,43,79.3
STU1633,4.7,68.0,80.8,59.5,39.6,29,65.1
STU1634,2.5,75.5,54.8,64.4,36.0,32,61.1
STU1635,3.9,76.2,54.8,43.1,35.0,15,57.2
STU1636,2.9,80.7,97.0,76.4,50.0,48,81.6
STU1637,4.8,82.1,77.2,81.8,40.0,34,81.3
STU1638,3.4,63.9,80.8,57.6,37.2,24,66.5
STU1639,3.0,71.5,66.5,53.1,38.7,23,61.1
STU1640,4.0,84.4,59.5,57.7,38.3,32,65.6
STU1641,2.1,89.9,97.9,79.4,50.0,37,82.2
STU1642,3.2,72.8,70.5,55.8,39.6,42,66.3
STU1643,3.5,74.7,72.5,45.5,35.2,21,53.6
STU1644,4.6,85.9,77.8,73.6,40.5,56,75.9
STU1645,2.2,58.1,60.6,62.6,50.0,54,62.8
STU1646,4.9,78.1,59.8,25.0,35.5,9,57.6
STU1647,2.7,76.4,96.6,86.9,42.0,35,78.4
STU1648,6.3,83.1,84.1,69.0,50.0,24,80.8
STU1649,5.9,95.5,86.1,60.2,50.0,33,83.6
STU1650,4.7,75.5,100.0,83.5,50.0,72,89.8
STU1651,9.0,78.5,95.7,81.6,50.0,36,87.5
STU1652,1.9,75.8,76.0,83.8,40.7,38,71.9
STU1653,5.5,66.6,61.9,43.6,40.8,37,62.4
STU1654,8.6,100.0,100.0,100.0,50.0,33,93.5
STU1655,3.2,71.7,87.6,84.0,50.0,23,77.1
STU1656,7.3,74.5,75.3,61.2,39.2,18,72.1
STU1657,4.0,81.9,91.4,64.7,50.0,22,76.8
STU1658,5.2,69.0,81.0,58.8,45.7,5,66.0
STU1659,4.9,75.3,70.7,64.2,46.1,41,77.4
STU1660,3.8,80.3,82.9,61.3,48.0,60,75.9
STU1661,5.7,73.9,73.9,69.2,39.7,34,73.4
STU1662,6.1,78.9,87.9,79.6,50.0,15,84.7
STU1663,0.6,72.0,67.7,53.8,28.8,23,50.1
STU1664,6.5,61.3,75.6,38.5,37.6,25,64.6
STU1665,1.3,83.7,80.9,68.9,42.4,21,67.0
STU1666,6.4,96.3,82.3,68.4,40.2,45,76.7
STU1667,8.0,87.7,77.7,87.3,50.0,53,93.0
STU1668,0.5,69.0,43.3,35.2,33.1,5,47.9
STU1669,4.6,92.4,96.6,81.4,50.0,50,89.6
STU1670,3.3,73.5,86.7,98.4,50.0,62,89.7
STU1671,2.4,86.7,55.6,49.4,32.6,51,56.5
STU1672,3.6,80.3,63.4,60.1,45.5,73,66.7
STU1673,5.8,94.5,68.3,58.4,45.6,20,78.4
STU1674,6.0,65.6,51.7,50.6,41.7,67,73.8
STU1675,6.7,94.3,74.9,77.4,47.4,26,88.0
STU1676,2.5,82.2,62.7,53.8,40.5,21,60.6
STU1677,5.5,94.3,85.9,87.1,50.0,48,84.9
STU1678,1.9,87.0,83.2,73.0,47.9,31,71.2
STU1679,3.9,83.9,92.1,94.1,50.0,46,82.1
STU1680,7.0,95.6,100.0,97.5,50.0,20,94.3
STU1681,6.8,75.8,59.5,60.5,40.9,26,75.5
STU1682,1.6,57.7,82.2,63.1,45.8,50,67.7
STU1683,3.7,71.3,91.1,73.8,48.1,36,79.0
STU1684,3.5,72.0,61.4,28.3,39.0,30,59.3
STU1685,5.6,86.7,88.3,84.0,50.0,45,85.9
STU1686,2.7,78.2,71.2,66.8,41.9,50,76.3
STU1687,5.0,90.3,78.7,68.6,40.6,9,79.5
STU1688,4.1,64.0,98.2,68.0,40.4,46,74.2
STU1689,4.8,83.7,88.8,68.7,45.5,33,76.3
STU1690,5.3,60.0,82.0,59.5,45.5,35,74.8
STU1691,5.4,93.4,85.9,92.0,49.3,55,88.8
STU1692,2.8,73.7,55.4,51.9,38.2,12,53.8
STU1693,4.8,87.3,82.8,97.7,50.0,23,91.1
STU1694,4.8,74.3,95.4,79.3,50.0,10,85.4
STU1695,3.5,91.2,62.0,50.6,39.2,25,63.7
STU1696,4.2,92.0,72.2,70.2,50.0,55,75.4
STU1697,6.7,79.6,73.2,47.1,45.8,27,67.9
STU1698,6.4,83.3,80.2,54.0,45.0,20,74.3
STU1699,3.8,84.9,69.9,83.6,41.0,27,73.1
STU1700,5.5,70.3,72.6,70.0,48.6,11,73.8
STU1701,4.7,93.8,75.7,85.4,50.0,24,86.2
STU1702,6.3,93.0,67.2,62.1,32.2,36,72.4
STU1703,4.1,83.7,74.0,37.3,32.8,11,62.0
STU1704,3.0,64.9,53.4,45.6,35.1,42,52.5
STU1705,5.9,86.6,71.5,83.9,43.1,37,79.6
STU1706,0.5,60.7,58.7,42.4,35.5,29,52.4
STU1707,3.7,94.5,99.1,59.5,50.0,39,80.9
STU1708,0.5,74.1,56.2,42.6,42.2,35,59.8
STU1709,6.1,69.8,90.7,85.1,50.0,54,88.9
STU1710,8.1,69.4,85.8,71.8,50.0,40,91.1
STU1711,8.9,76.7,68.2,74.9,50.0,42,86.2
STU1712,5.3,74.3,80.5,69.0,50.0,29,81.7
STU1713,5.8,69.9,87.6,75.2,49.1,44,81.4
STU1714,0.9,83.7,71.1,80.7,36.0,30,66.7
STU1715,4.3,88.0,97.0,63.4,50.0,40,83.4
STU1716,3.0,78.6,68.4,74.8,50.0,31,79.6
STU1717,3.4,73.2,89.4,76.5,46.5,29,79.2
STU1718,3.9,88.7,77.2,50.4,50.0,23,71.1
STU1719,3.5,96.3,74.7,50.8,50.0,41,77.0
STU1720,0.8,76.7,77.2,63.2,50.0,54,63.5
STU1721,4.6,65.3,64.9,41.9,41.9,42,58.2
STU1722,1.3,78.2,75.8,61.5,41.4,10,65.4
STU1723,5.6,80.1,77.0,69.4,36.9,56,74.9
STU1724,8.8,79.5,79.1,60.5,44.4,31,81.1
STU1725,2.5,86.5,84.9,59.2,50.0,42,74.2
STU1726,0.5,61.0,69.4,80.5,40.1,22,66.1
STU1727,4.2,94.9,89.9,72.0,48.4,38,78.7
STU1728,6.3,78.0,92.5,60.1,39.1,36,77.3
STU1729,7.8,72.0,73.5,58.2,50.0,10,79.8
STU1730,2.2,80.1,84.3,84.4,50.0,44,83.7
STU1731,4.7,74.7,61.4,49.0,35.8,48,69.4
STU1732,3.9,64.7,88.7,87.0,48.1,34,81.5
STU1733,2.9,86.4,65.7,51.6,34.8,45,62.9
STU1734,10.6,85.6,99.2,77.6,50.0,37,88.0
STU1735,1.9,86.8,74.3,100.0,50.0,49,81.3
STU1736,5.2,90.8,67.3,59.2,50.0,5,72.5
STU1737,6.2,74.7,93.8,74.9,50.0,73,90.9
STU1738,8.0,93.1,78.4,72.8,50.0,64,86.8
STU1739,5.5,82.4,85.9,89.6,46.2,36,87.7
STU1740,3.6,79.3,72.1,66.3,28.8,5,61.6
STU1741,2.7,52.3,68.7,72.3,35.6,32,62.7
STU1742,4.5,75.9,91.9,74.6,35.9,11,73.3
STU1743,3.8,74.1,88.0,66.1,38.9,41,70.6
STU1744,6.2,86.9,79.7,69.7,44.1,43,78.4
STU1745,3.2,81.1,72.3,41.6,37.9,18,54.2
STU1746,5.4,73.9,81.5,92.4,41.9,51,82.3
STU1747,3.8,69.1,58.3,64.8,43.2,42,66.1
STU1748,6.3,75.8,68.2,55.9,39.9,45,69.1
STU1749,3.3,64.0,61.7,67.1,36.6,28,64.5
STU1750,0.5,83.8,48.9,47.1,45.0,10,57.4
STU1751,5.9,69.5,70.7,57.6,34.9,41,68.3
STU1752,1.9,46.1,66.2,55.4,36.9,26,59.3
STU1753,4.0,81.5,72.2,86.6,50.0,20,81.5
STU1754,2.5,64.9,73.0,56.9,30.6,49,58.9
STU1755,9.4,76.8,100.0,81.0,47.1,77,92.3
STU1756,0.6,70.1,80.7,74.3,49.4,36,72.4
STU1757,10.9,82.0,85.6,81.6,50.0,66,95.5
STU1758,5.9,89.0,79.5,58.2,50.0,31,82.6
STU1759,5.5,86.6,92.3,84.2,50.0,33,90.7
STU1760,3.9,71.1,76.8,50.2,46.8,23,65.8
STU1761,5.2,85.2,73.8,69.1,45.8,58,78.3
STU1762,7.6,88.2,100.0,89.3,50.0,36,95.9
STU1763,5.7,72.6,90.8,75.2,50.0,44,87.0
STU1764,6.5,74.2,85.6,81.0,40.6,32,83.4
STU1765,4.1,59.0,92.2,67.9,44.2,25,72.9
STU1766,4.1,75.9,73.9,79.6,50.0,49,75.8
STU1767,5.6,90.4,95.2,95.1,50.0,38,88.3
STU1768,3.6,75.9,67.3,64.1,50.0,26,72.4
STU1769,8.2,84.9,100.0,77.0,50.0,59,93.7
STU1770,6.3,74.1,71.5,75.8,48.2,60,78.4
STU1771,0.5,83.3,65.2,55.9,43.2,41,62.4
STU1772,6.3,70.0,76.8,71.2,37.0,28,75.2
STU1773,5.7,92.6,89.8,74.6,46.3,32,79.2
STU1774,5.0,73.1,93.9,64.1,43.8,39,80.1
STU1775,2.5,64.6,70.3,29.2,41.4,31,54.1
STU1776,6.2,61.7,54.3,52.7,44.3,17,69.4
STU1777,6.2,73.7,97.8,67.4,47.3,43,80.6
STU1778,2.9,89.4,79.5,52.4,50.0,35,68.3
STU1779,5.8,88.3,78.9,75.0,48.8,14,79.0
STU1780,2.7,90.7,80.1,90.9,50.0,22,80.9
STU1781,0.7,78.5,65.7,64.6,39.3,21,59.9
STU1782,3.6,70.9,75.4,90.3,47.2,35,78.4
STU1783,6.7,79.7,88.7,79.0,48.1,64,88.7
STU1784,6.9,75.0,81.3,87.0,50.0,41,86.8
STU1785,6.4,98.7,86.7,71.9,50.0,28,84.8
STU1786,6.6,72.2,82.4,70.1,50.0,42,76.6
STU1787,5.9,91.2,71.9,42.9,43.0,32,70.7
STU1788,3.2,88.6,78.6,80.3,41.0,39,75.4
STU1789,4.0,90.0,70.8,66.7,42.4,34,77.4
STU1790,6.4,78.1,89.8,66.6,48.1,54,79.8
STU1791,6.2,88.2,90.5,67.5,46.2,35,75.8
STU1792,7.1,100.0,87.6,62.7,50.0,59,88.4
STU1793,4.9,67.4,64.9,58.2,35.5,41,66.1
STU1794,4.3,59.2,78.1,68.5,38.6,19,64.7
STU1795,7.5,66.5,79.2,60.4,50.0,71,77.1
STU1796,4.4,86.9,70.9,72.1,50.0,39,83.1
STU1797,3.3,64.6,74.7,72.5,50.0,26,77.9
STU1798,4.2,76.4,89.0,69.6,45.2,58,70.4
STU1799,3.0,84.5,86.3,73.4,50.0,64,79.1
STU1800,3.9,86.5,90.6,76.3,46.8,39,85.8
STU1801,3.8,81.7,84.1,61.2,39.7,25,68.3
STU1802,3.0,82.7,70.5,66.7,34.5,33,64.2
STU1803,3.5,90.5,77.6,73.6,50.0,42,78.0
STU1804,0.5,68.3,70.0,67.8,38.4,50,59.5
STU1805,4.7,71.7,84.8,67.0,43.8,41,69.7
STU1806,4.7,73.4,80.4,56.5,42.1,37,73.9
STU1807,2.5,85.9,69.7,58.6,47.4,53,64.7
STU1808,6.8,95.3,97.1,91.7,50.0,36,94.2
STU1809,5.7,80.0,81.6,58.6,35.7,44,74.2
STU1810,1.1,90.9,67.8,73.2,47.7,30,66.2
STU1811,2.6,66.0,73.1,82.6,35.5,38,65.9
STU1812,4.1,100.0,81.0,95.3,50.0,40,91.5
STU1813,2.8,96.2,56.4,71.2,36.4,35,68.5
STU1814,7.0,92.5,92.5,73.7,45.5,34,83.2
STU1815,2.9,90.4,71.1,25.0,40.7,46,62.8
STU1816,4.2,64.8,83.5,69.1,36.6,26,73.0
STU1817,1.2,79.2,65.0,74.2,41.8,29,67.3
STU1818,5.8,73.1,78.5,73.2,45.9,65,77.9
STU1819,2.9,92.5,66.0,78.0,48.4,54,76.1
STU1820,4.2,66.9,87.2,58.8,50.0,5,72.9
STU1821,6.2,94.6,82.9,63.9,50.0,34,81.1
STU1822,9.1,100.0,100.0,82.9,50.0,21,96.8
STU1823,1.6,85.1,81.5,69.3,47.9,19,66.7
STU1824,0.5,80.6,62.9,82.0,47.0,5,63.0
STU1825,6.0,77.4,82.6,82.9,49.7,40,85.5
STU1826,9.4,79.4,100.0,89.0,47.0,26,90.6
STU1827,6.6,89.9,70.1,72.7,44.0,33,77.1
STU1828,4.6,85.7,77.1,54.5,43.7,10,63.6
STU1829,3.3,78.2,71.4,68.9,42.1,34,70.3
STU1830,5.0,69.1,53.2,45.1,39.9,22,60.0
STU1831,1.8,55.1,48.7,67.4,34.4,51,60.1
STU1832,4.6,64.3,73.5,58.6,34.3,49,66.0
STU1833,4.9,95.3,68.7,62.8,43.8,42,73.9
STU1834,6.6,67.0,76.7,59.0,46.7,30,78.5
STU1835,10.2,83.1,94.4,78.4,42.5,63,85.9
STU1836,6.5,97.8,100.0,100.0,50.0,21,96.5
STU1837,2.7,62.5,66.8,45.9,30.7,10,47.3
STU1838,5.2,86.8,85.0,75.1,48.6,38,79.5
STU1839,0.8,88.3,77.7,68.2,44.5,65,67.8
STU1840,3.1,79.9,65.1,76.1,41.9,31,73.1
STU1841,4.2,100.0,86.4,69.3,48.4,35,80.1
STU1842,2.6,57.7,73.1,25.0,48.3,9,55.5
STU1843,5.1,92.5,89.3,87.2,45.2,50,82.7
STU1844,3.0,79.1,61.5,78.2,50.0,49,74.7
STU1845,7.1,90.2,79.6,54.2,50.0,48,78.1
STU1846,4.7,85.9,74.0,64.5,48.1,27,76.4
STU1847,6.4,84.9,100.0,100.0,50.0,37,91.2
STU1848,3.3,79.1,77.2,76.9,50.0,13,80.0
STU1849,4.4,58.8,88.5,72.5,37.7,33,66.4
STU1850,5.7,82.9,71.4,59.2,37.5,16,66.1
STU1851,2.3,80.2,67.8,62.8,39.2,15,68.8
STU1852,2.7,83.2,82.5,59.5,43.9,25,67.9
STU1853,4.8,96.5,91.9,93.5,45.0,34,82.8
STU1854,2.9,90.8,100.0,74.0,50.0,34,82.1
STU1855,2.4,78.6,74.9,52.9,50.0,38,67.4
STU1856,2.9,67.0,60.4,70.0,41.0,31,63.1
STU1857,6.6,75.2,73.7,72.7,46.1,33,75.5
STU1858,4.6,89.1,61.1,77.1,40.2,34,82.2
STU1859,5.4,97.5,91.5,67.6,50.0,24,81.7
STU1860,6.4,78.6,94.0,69.6,43.7,37,74.8
STU1861,3.0,72.9,82.1,41.2,48.2,29,70.5
STU1862,6.5,78.7,100.0,85.1,50.0,21,90.3
STU1863,5.7,100.0,100.0,71.5,50.0,57,86.1
STU1864,4.5,83.6,69.3,55.9,43.0,19,65.2
STU1865,3.0,97.5,64.1,47.9,50.0,34,70.8
STU1866,0.5,72.6,84.5,78.8,50.0,52,74.2
STU1867,4.5,77.9,85.8,79.6,43.9,49,73.8
STU1868,7.9,85.6,89.7,56.2,47.6,38,87.6
STU1869,8.0,96.5,100.0,100.0,50.0,39,97.3
STU1870,6.3,77.0,83.1,93.5,47.4,47,92.7
STU1871,6.3,67.3,86.7,59.7,45.3,40,80.5
STU1872,3.6,81.9,78.9,45.8,33.3,19,57.5
STU1873,4.3,83.6,78.2,91.0,40.8,20,81.6
STU1874,3.2,70.7,85.2,53.1,38.9,5,61.3
STU1875,5.3,100.0,99.3,88.0,50.0,46,85.5
STU1876,5.3,89.1,72.1,64.3,46.9,31,74.6
STU1877,7.1,82.5,91.1,85.3,44.4,52,89.4
STU1878,4.2,80.7,66.4,71.8,43.9,39,71.8
STU1879,4.6,91.5,98.5,75.6,45.4,59,83.5
STU1880,6.5,84.0,91.3,85.3,50.0,37,92.4
STU1881,5.3,77.6,78.7,58.4,43.3,48,74.1
STU1882,1.2,56.0,63.9,51.5,37.5,25,52.0
STU1883,0.7,94.0,88.2,80.0,50.0,51,81.1
STU1884,3.9,67.8,83.8,69.3,49.4,17,75.2
STU1885,3.5,100.0,78.6,71.9,50.0,47,72.1
STU1886,4.0,79.6,87.3,88.2,41.9,10,79.2
STU1887,3.9,76.1,70.6,58.6,50.0,29,72.6
STU1888,4.1,76.7,91.6,60.5,46.1,44,75.5
STU1889,8.3,82.7,92.8,78.3,50.0,33,92.3
STU1890,5.8,98.3,91.1,77.8,50.0,24,83.9
STU1891,5.5,57.7,76.0,54.4,50.0,49,74.5
STU1892,6.6,98.1,85.1,83.4,46.5,38,82.3
STU1893,3.2,89.2,83.1,69.3,50.0,33,78.6
STU1894,7.7,74.8,100.0,100.0,49.7,42,100.0
STU1895,4.9,72.5,100.0,80.9,47.0,75,83.3
STU1896,5.7,95.9,72.3,61.8,42.7,50,73.9
STU1897,2.5,71.3,87.9,61.4,41.0,52,67.5
STU1898,2.4,74.5,67.0,80.1,50.0,47,75.8
STU1899,5.5,87.3,63.3,65.8,34.7,33,65.8
STU1900,5.5,85.2,74.9,71.8,50.0,5,79.2
STU1901,2.4,68.7,61.6,61.3,42.7,23,65.7
STU1902,2.8,82.3,63.3,69.0,47.6,28,72.3
STU1903,7.8,76.1,97.3,75.4,50.0,15,80.9
STU1904,2.3,92.0,76.4,66.3,46.0,19,74.2
STU1905,7.8,90.8,87.1,45.6,49.1,7,80.1
STU1906,1.6,78.5,71.3,63.8,33.6,27,63.9
STU1907,6.4,87.3,90.0,79.5,49.0,50,88.8
STU1908,4.4,100.0,90.4,66.6,47.0,53,82.1
STU1909,7.4,90.8,99.6,100.0,50.0,51,100.0
STU1910,3.2,66.6,64.7,65.6,32.3,19,66.8
STU1911,4.3,85.6,90.4,59.0,50.0,9,72.3
STU1912,4.8,100.0,76.5,80.2,45.3,11,82.7
STU1913,3.8,77.7,82.8,89.7,50.0,25,81.7
STU1914,5.9,75.9,78.7,71.3,50.0,22,78.9
STU1915,3.7,85.6,72.5,66.4,41.0,34,65.9
STU1916,4.5,82.5,80.5,79.6,43.7,23,76.5
STU1917,2.7,71.1,81.8,67.2,50.0,40,70.8
STU1918,0.5,89.0,74.2,69.2,50.0,29,69.1
STU1919,4.3,100.0,72.6,49.2,48.1,36,68.8
STU1920,10.2,87.3,90.4,75.0,50.0,56,90.5
STU1921,5.2,65.8,81.7,75.7,37.4,13,70.6
STU1922,4.6,65.2,85.1,61.0,48.1,41,74.9
STU1923,3.4,79.1,91.2,53.7,40.1,31,63.5
STU1924,5.5,97.0,100.0,76.2,44.0,36,80.0
STU1925,4.4,77.1,77.4,37.9,32.3,39,61.3
STU1926,1.7,77.2,59.1,37.6,42.3,44,54.7
STU1927,7.0,76.0,92.3,69.6,42.7,23,83.2
STU1928,7.2,76.9,94.7,86.7,50.0,40,91.1
STU1929,5.9,88.0,75.6,66.7,40.9,38,77.8
STU1930,4.9,86.4,77.0,60.3,40.1,28,75.7
STU1931,6.0,73.9,100.0,89.2,50.0,52,89.5
STU1932,4.7,88.7,72.6,63.3,41.2,31,70.1
STU1933,3.9,74.7,53.2,41.7,34.2,49,60.2
STU1934,4.1,96.2,89.1,66.5,50.0,15,80.2
STU1935,3.0,64.1,67.8,59.4,44.3,30,64.8
STU1936,3.9,61.2,72.5,63.1,46.9,17,73.2
STU1937,8.2,82.1,86.8,91.3,47.7,46,91.1
STU1938,2.2,86.2,76.6,63.8,45.4,13,68.8
STU1939,1.1,95.1,77.7,62.9,38.2,37,66.3
STU1940,3.8,80.7,59.0,57.6,37.1,19,59.4
STU1941,5.3,81.9,100.0,66.7,50.0,29,82.3
STU1942,5.4,73.0,69.3,75.4,50.0,18,81.7
STU1943,4.9,91.8,73.7,50.8,50.0,27,74.7
STU1944,5.5,79.6,98.7,68.9,46.6,59,83.4
STU1945,6.6,90.9,78.6,60.3,47.6,29,78.1
STU1946,0.5,69.5,61.5,47.0,28.2,36,50.9
STU1947,2.3,92.4,70.7,62.6,48.0,54,75.1
STU1948,4.3,86.6,82.5,67.3,44.8,38,78.1
STU1949,1.4,79.8,75.5,59.9,50.0,28,67.6
STU1950,4.0,73.6,89.4,64.8,38.5,40,72.8
STU1951,8.1,78.4,94.1,58.3,50.0,29,84.6
STU1952,3.5,78.0,76.0,69.5,32.8,21,62.8
STU1953,6.1,88.0,84.2,69.0,50.0,20,81.8
STU1954,1.9,73.7,74.9,64.9,40.0,47,59.9
STU1955,4.2,83.9,85.3,68.8,43.1,35,77.1
STU1956,4.0,82.5,72.5,78.0,48.0,39,80.1
STU1957,4.2,61.0,85.9,69.4,50.0,22,77.7
STU1958,7.5,87.4,82.7,68.6,50.0,43,83.9
STU1959,6.0,72.4,90.7,82.3,48.7,26,85.0
STU1960,2.8,71.7,72.9,75.4,50.0,36,79.2
STU1961,6.1,69.8,100.0,88.3,50.0,53,94.5
STU1962,5.7,63.0,74.3,59.4,47.9,47,74.2
STU1963,7.3,70.0,90.4,60.3,47.5,38,80.6
STU1964,7.6,72.5,89.5,68.2,46.7,9,83.9
STU1965,3.6,100.0,84.7,80.3,50.0,80,81.6
STU1966,2.3,71.4,79.0,67.5,39.5,56,68.1
STU1967,3.4,90.8,81.4,86.9,50.0,54,88.4
STU1968,4.0,83.8,91.5,69.8,46.7,24,80.5
STU1969,4.3,74.2,67.8,34.4,42.7,26,62.0
STU1970,6.6,79.9,77.6,90.2,41.3,28,77.6
STU1971,3.8,64.6,70.4,58.7,41.1,49,67.0
STU1972,4.5,98.7,93.4,84.9,50.0,42,85.8
STU1973,4.3,94.8,68.7,51.6,49.6,20,72.2
STU1974,2.5,60.9,66.7,66.5,48.6,26,65.1
STU1975,7.2,60.3,65.5,32.9,35.4,41,57.8
STU1976,0.9,74.9,60.9,68.0,44.2,55,59.6
STU1977,2.9,58.2,74.5,37.4,38.2,44,61.7
STU1978,7.3,77.1,65.0,50.9,45.7,37,71.6
STU1979,5.1,76.5,93.7,84.0,40.4,35,81.2
STU1980,4.7,100.0,87.8,63.1,45.2,5,75.8
STU1981,4.1,94.0,73.5,65.2,50.0,41,73.8
STU1982,3.4,77.3,70.3,62.4,39.7,30,62.8
STU1983,7.2,90.0,89.3,90.6,44.0,36,85.6
STU1984,0.5,91.0,72.9,66.4,40.4,35,63.4
STU1985,6.6,68.6,83.4,61.8,37.5,10,72.1
STU1986,2.9,79.4,98.7,83.4,47.0,50,79.7
STU1987,4.7,85.2,94.9,99.0,50.0,48,96.7
STU1988,3.5,87.5,72.3,46.3,45.2,43,71.0
STU1989,5.7,81.5,71.3,69.3,45.6,48,80.3
STU1990,1.5,65.3,71.9,52.4,48.4,44,64.4
STU1991,3.8,61.8,64.0,25.0,39.4,19,57.9
STU1992,8.4,78.0,87.0,68.6,50.0,32,84.4
STU1993,1.2,75.8,50.4,62.0,46.4,32,62.4
STU1994,4.1,94.7,70.8,53.8,39.2,31,68.2
STU1995,3.0,64.7,76.8,63.7,42.0,47,70.8
STU1996,6.8,94.0,94.0,100.0,50.0,52,98.3
STU1997,5.1,98.1,96.9,72.2,48.9,67,85.7
STU1998,2.8,99.9,76.6,67.3,45.0,63,74.5
STU1999,5.9,78.8,97.5,67.2,50.0,38,85.2
STU2000,9.2,91.9,94.3,86.6,50.0,5,93.9
STU2001,4.9,90.3,95.7,75.6,43.2,56,81.8
STU2002,6.0,82.3,96.4,64.1,50.0,27,76.8
STU2003,1.4,75.8,82.3,80.9,41.9,20,70.1
STU2004,3.1,87.9,73.5,88.6,50.0,32,82.6
STU2005,5.8,56.6,81.8,73.8,50.0,30,84.5
STU2006,8.2,91.3,87.9,52.5,50.0,48,79.6
STU2007,5.7,84.4,90.3,71.0,50.0,16,80.2
STU2008,4.7,83.0,94.2,100.0,50.0,25,87.9
STU2009,4.1,97.8,67.1,59.6,50.0,37,79.0
STU2010,3.1,79.8,88.9,94.6,50.0,50,85.4
STU2011,5.9,77.0,64.5,86.0,46.1,44,78.0
STU2012,7.9,100.0,100.0,93.2,50.0,34,98.4
STU2013,3.0,68.2,67.5,51.2,45.1,17,61.6
STU2014,4.9,83.2,94.3,60.3,50.0,36,75.4
STU2015,5.2,79.5,79.0,77.7,49.0,39,78.4
STU2016,3.1,85.2,82.8,51.9,43.7,52,75.8
STU2017,4.0,79.7,49.4,64.6,37.9,5,63.4
STU2018,8.4,65.5,81.4,50.7,50.0,30,77.8
STU2019,4.3,76.8,81.6,69.7,48.2,18,74.7
STU2020,4.2,76.5,79.1,74.1,50.0,14,77.6
STU2021,2.7,76.4,88.2,64.6,35.7,45,69.5
STU2022,6.0,84.1,73.0,55.5,43.2,42,74.3
STU2023,5.9,94.9,100.0,100.0,50.0,52,96.2
STU2024,4.6,70.9,96.5,80.4,50.0,56,87.7
STU2025,7.5,92.8,97.8,54.4,50.0,30,83.6
STU2026,7.4,82.7,77.2,67.2,48.0,29,77.8
STU2027,3.4,94.4,72.4,69.7,41.8,66,73.2
STU2028,1.3,87.5,90.3,76.5,44.4,34,68.1
STU2029,5.7,85.9,76.5,71.7,43.5,40,84.7
STU2030,2.9,83.4,61.5,62.6,37.4,33,67.0
STU2031,4.7,85.1,61.4,48.3,35.3,5,57.7
STU2032,0.9,87.2,81.8,60.3,50.0,8,67.4
STU2033,6.8,82.3,94.9,84.1,45.3,30,84.5
STU2034,1.7,100.0,66.1,64.7,50.0,47,77.7
STU2035,7.2,96.8,69.0,80.7,50.0,53,82.9
STU2036,3.5,79.6,73.1,33.6,32.4,41,57.4
STU2037,1.4,59.9,53.0,67.8,31.7,13,54.1
STU2038,3.9,68.2,62.3,57.0,33.8,58,65.7
STU2039,6.7,88.2,64.9,73.0,46.7,26,78.6
STU2040,6.1,89.9,100.0,90.5,50.0,46,86.9
STU2041,5.3,71.6,77.8,49.8,41.3,32,67.4
STU2042,9.3,86.8,91.8,63.4,50.0,37,83.6
STU2043,1.3,95.7,87.8,44.2,40.1,53,65.7
STU2044,7.6,86.1,87.5,74.0,50.0,24,90.6
STU2045,5.4,73.0,100.0,71.7,48.0,20,75.4
STU2046,3.2,82.1,70.5,100.0,48.8,38,80.0
STU2047,0.6,64.1,61.8,39.7,36.3,21,48.3
STU2048,5.3,83.5,77.6,74.1,46.6,80,81.6
STU2049,7.4,82.8,91.9,77.0,47.6,51,90.3
STU2050,3.7,72.1,71.2,63.8,47.1,26,69.9
STU2051,7.8,69.4,92.2,67.2,49.9,22,84.4
STU2052,2.0,81.2,80.8,80.2,50.0,11,73.1
STU2053,4.7,75.7,87.3,60.1,49.1,21,75.8
STU2054,1.6,48.0,77.8,46.7,41.7,33,60.8
STU2055,4.7,97.2,93.7,40.8,36.7,51,67.5
STU2056,6.3,90.8,78.5,43.3,45.5,50,76.5
STU2057,4.6,82.1,80.4,75.2,50.0,44,81.1
STU2058,0.5,82.9,81.2,70.7,50.0,33,75.2
STU2059,4.6,66.4,69.3,57.0,46.2,36,68.9
STU2060,6.0,100.0,100.0,90.2,50.0,31,93.5
STU2061,3.0,84.7,52.3,50.2,35.1,44,59.1
STU2062,7.9,87.3,87.6,77.0,48.9,38,87.8
STU2063,1.0,81.5,57.0,29.1,37.7,25,50.9
STU2064,5.6,79.9,84.3,57.8,46.0,5,74.9
STU2065,6.0,61.0,70.8,49.1,34.4,26,58.9
STU2066,0.5,69.4,58.5,46.5,36.3,40,58.0
STU2067,6.1,87.1,100.0,73.1,50.0,25,79.6
STU2068,3.1,73.1,66.3,55.7,50.0,22,65.3
STU2069,4.6,79.5,82.6,67.6,37.5,47,72.8
STU2070,5.2,78.9,85.7,60.5,50.0,14,77.4
STU2071,3.9,81.6,67.8,75.5,43.1,52,79.9
STU2072,3.2,80.9,82.8,72.8,39.9,27,66.0
STU2073,3.5,63.0,58.4,43.9,43.7,23,57.7
STU2074,3.1,77.8,93.1,92.9,50.0,24,76.6
STU2075,1.9,64.7,63.7,51.8,48.0,37,63.2
STU2076,4.6,82.0,73.3,33.1,43.0,61,66.7
STU2077,1.9,56.8,82.8,67.5,50.0,43,76.5
STU2078,7.0,99.0,100.0,75.5,50.0,30,90.1
STU2079,6.1,98.1,90.4,80.9,50.0,55,93.1
STU2080,0.8,75.2,70.1,37.7,45.4,28,59.5
STU2081,2.9,52.2,69.5,79.5,48.0,52,71.9
STU2082,6.6,74.8,92.6,71.9,41.2,44,76.1
STU2083,4.2,89.7,89.4,74.3,50.0,5,80.3
STU2084,3.9,71.8,72.4,55.9,45.3,22,62.9
STU2085,5.8,77.0,90.4,91.1,38.0,50,87.6
STU2086,6.9,100.0,83.4,71.2,50.0,42,85.9
STU2087,4.2,87.8,72.4,61.5,38.0,21,71.9
STU2088,3.1,69.5,62.7,40.2,43.4,24,57.5
STU2089,7.2,63.0,76.7,62.0,48.1,7,75.8
STU2090,7.9,76.4,82.2,64.7,43.3,33,80.0
STU2091,6.4,77.7,83.6,75.5,50.0,65,85.8
STU2092,5.3,88.6,94.7,60.6,43.7,49,77.4
STU2093,2.9,74.9,82.6,51.8,50.0,65,73.9
STU2094,3.4,88.8,82.2,81.0,50.0,51,79.2
STU2095,5.5,98.9,78.2,78.2,38.7,48,76.0
STU2096,5.4,88.5,85.7,51.6,50.0,63,83.0
STU2097,5.7,69.5,76.3,57.9,35.8,30,70.2
STU2098,6.5,82.8,90.3,78.5,46.8,36,85.1
STU2099,1.8,78.2,74.7,83.8,40.3,51,78.2
STU2100,7.4,96.8,81.9,78.2,50.0,60,89.1
STU2101,0.5,59.2,38.4,25.0,28.4,13,40.8
STU2102,5.4,90.9,100.0,89.3,50.0,35,90.7
STU2103,4.9,79.8,84.0,78.1,44.3,36,76.0
STU2104,9.4,80.5,99.3,70.4,50.0,52,96.4
STU2105,9.9,61.1,76.4,52.3,37.9,40,75.8
STU2106,6.2,86.3,99.0,72.8,40.9,18,80.1
STU2107,3.3,74.1,65.2,25.0,39.4,56,59.1
STU2108,5.1,81.9,83.7,79.5,31.9,22,71.9
STU2109,7.8,84.2,98.3,79.1,50.0,40,93.4
STU2110,3.7,91.3,71.4,71.5,40.8,21,63.9
STU2111,8.3,72.3,91.0,69.4,48.0,73,84.3
STU2112,5.7,100.0,91.5,91.4,50.0,42,94.5
STU2113,5.9,65.0,88.3,77.9,43.0,25,77.7
STU2114,6.0,85.1,83.1,67.1,50.0,47,82.9
STU2115,5.6,86.6,83.3,62.2,46.4,47,74.3
STU2116,8.1,84.1,100.0,100.0,50.0,44,100.0
STU2117,3.2,84.0,88.0,46.8,44.9,46,73.7
STU2118,3.5,93.8,86.3,77.3,44.4,24,77.1
STU2119,3.1,63.1,87.1,67.5,50.0,33,72.9
STU2120,6.3,90.6,99.5,93.9,50.0,12,94.4
STU2121,7.0,61.0,96.6,82.8,46.8,22,90.7
STU2122,5.9,73.5,86.4,82.1,46.5,63,88.1
STU2123,6.9,90.6,70.4,56.3,41.1,52,82.2
STU2124,5.8,82.3,93.3,66.7,50.0,44,80.1
STU2125,4.9,62.5,42.2,45.9,27.7,52,51.4
STU2126,2.6,79.5,81.4,78.7,47.7,34,72.6
STU2127,3.1,96.9,67.3,61.5,46.5,27,72.3
STU2128,5.8,61.4,94.8,80.3,46.3,35,82.7
STU2129,6.5,71.1,84.6,76.1,50.0,34,82.7
STU2130,4.2,96.6,70.9,60.9,48.1,33,77.1
STU2131,4.7,100.0,82.6,63.9,48.9,53,84.6
STU2132,2.8,87.0,80.9,86.9,50.0,45,77.0
STU2133,4.1,69.9,86.8,47.5,48.3,47,69.5
STU2134,6.1,99.7,82.0,83.7,44.8,48,88.8
STU2135,6.4,100.0,98.0,83.5,50.0,45,90.3
STU2136,6.5,92.7,84.2,94.6,49.6,27,87.6
STU2137,3.6,65.7,68.8,37.1,35.8,9,58.1
STU2138,5.0,82.5,72.5,88.3,46.0,40,77.6
STU2139,3.7,81.9,90.4,100.0,50.0,36,86.5
STU2140,5.7,81.8,83.1,50.2,29.1,34,66.5
STU2141,6.4,100.0,97.1,91.6,50.0,41,91.8
STU2142,5.4,88.0,79.3,66.4,46.3,70,83.2
STU2143,3.5,69.9,82.9,52.4,37.7,17,61.7
STU2144,0.5,92.9,87.7,71.5,48.5,6,76.1
STU2145,6.7,83.2,79.6,77.3,48.9,39,83.9
STU2146,2.7,81.4,69.7,49.3,43.7,24,65.9
STU2147,1.6,87.5,54.6,65.0,25.5,32,58.5
STU2148,7.2,76.9,87.6,67.2,50.0,51,82.5
STU2149,3.0,75.4,71.7,42.2,37.8,48,54.4
STU2150,5.8,69.7,83.0,58.6,44.5,8,73.0
STU2151,4.0,53.6,59.3,44.6,36.9,16,55.8
STU2152,5.4,80.3,73.2,53.1,38.6,37,70.4
STU2153,0.7,98.5,60.6,62.4,43.9,39,64.9
STU2154,8.2,69.8,92.2,91.9,50.0,73,93.3
STU2155,5.8,84.7,91.7,88.5,41.5,53,92.2
STU2156,3.2,83.0,58.9,59.1,47.9,30,63.4
STU2157,6.6,92.5,100.0,99.4,50.0,33,97.5
STU2158,1.7,83.8,77.9,73.9,46.5,32,70.8
STU2159,5.1,65.4,84.0,87.0,41.8,25,77.2
STU2160,0.5,69.8,43.2,31.6,33.3,31,43.3
STU2161,3.6,83.9,100.0,100.0,50.0,50,87.8
STU2162,0.5,51.2,69.5,53.1,39.8,9,56.0
STU2163,5.4,83.7,70.8,34.8,31.8,20,63.3
STU2164,4.1,94.7,78.2,94.3,48.2,52,87.8
STU2165,9.5,92.7,100.0,96.2,50.0,52,99.7
STU2166,4.5,89.2,79.8,92.6,50.0,49,83.6
STU2167,1.5,93.6,78.0,87.7,49.1,43,81.1
STU2168,2.7,85.2,91.3,78.3,50.0,60,89.0
STU2169,7.7,93.3,97.2,70.9,50.0,42,88.2
STU2170,4.8,80.8,86.0,87.1,47.6,33,82.2
STU2171,3.6,94.5,71.8,71.1,46.9,23,73.0
STU2172,4.9,83.7,86.5,76.7,46.5,39,79.5
STU2173,5.5,81.6,80.3,43.6,49.1,5,61.3
STU2174,6.1,63.5,54.4,64.6,46.8,28,72.2
STU2175,7.2,81.5,87.4,57.9,47.3,30,76.7
STU2176,2.4,63.2,63.1,67.6,42.2,7,57.7
STU2177,1.8,73.1,86.2,73.8,40.8,21,71.8
STU2178,2.9,66.9,59.7,59.8,37.4,41,58.4
STU2179,4.1,63.8,41.5,61.2,34.0,32,57.2
STU2180,2.7,100.0,81.2,59.0,50.0,37,79.5
STU2181,3.7,100.0,92.2,100.0,50.0,46,86.2
STU2182,5.9,100.0,73.2,100.0,50.0,40,85.8
STU2183,3.1,59.9,56.3,55.0,31.4,44,57.6
STU2184,3.8,75.8,95.4,74.6,42.5,31,80.4
STU2185,3.7,71.8,83.2,72.1,50.0,19,70.7
STU2186,3.3,68.1,76.7,48.4,30.3,52,61.3
STU2187,2.5,69.7,69.3,66.0,50.0,39,72.7
STU2188,6.7,95.1,67.6,78.8,47.7,29,76.0
STU2189,5.8,71.2,71.7,53.0,30.5,12,64.6
STU2190,0.9,91.2,73.5,75.1,48.0,41,75.9
STU2191,1.6,79.4,61.6,56.7,39.2,26,59.2
STU2192,1.0,100.0,69.4,50.4,44.0,54,69.8
STU2193,3.5,66.8,83.1,77.2,50.0,31,80.8
STU2194,3.1,84.6,63.6,60.0,42.2,15,65.6
STU2195,2.0,93.7,68.5,74.7,50.0,49,74.5
STU2196,2.6,70.2,81.3,80.5,47.7,47,73.7
STU2197,2.9,92.8,64.4,60.7,48.3,40,71.1
STU2198,5.1,84.5,63.5,75.6,50.0,45,81.1
STU2199,5.7,84.5,98.4,70.1,46.4,41,82.0
